t,speed_kmh,rpm,rpm_max,gear,throttle,brake,abs,tcs,progress,position_current,position_total
0.00,0.00,1200,8000,1,0.30,0.00,0,0,0.0000,5,12
0.10,1.20,1303,8000,1,0.54,0.00,0,0,0.0008,5,12
0.20,2.40,1406,8000,1,0.54,0.00,0,0,0.0017,5,12
0.30,3.60,1509,8000,1,0.54,0.00,0,0,0.0025,5,12
0.40,4.80,1611,8000,1,0.54,0.00,0,0,0.0033,5,12
0.50,6.00,1714,8000,1,0.54,0.00,0,0,0.0042,5,12
0.60,7.20,1817,8000,1,0.54,0.00,0,0,0.0050,5,12
0.70,8.40,1920,8000,1,0.54,0.00,0,0,0.0058,5,12
0.80,9.60,2023,8000,1,0.54,0.00,0,0,0.0067,5,12
0.90,10.80,2126,8000,1,0.54,0.00,0,0,0.0075,5,12
1.00,12.00,2229,8000,1,0.54,0.00,0,0,0.0083,5,12
1.10,13.20,2331,8000,1,0.54,0.00,0,0,0.0092,5,12
1.20,14.40,2434,8000,1,0.54,0.00,0,0,0.0100,5,12
1.30,15.60,2537,8000,1,0.54,0.00,0,0,0.0108,5,12
1.40,16.80,2640,8000,1,0.54,0.00,0,0,0.0117,5,12
1.50,18.00,2743,8000,1,0.54,0.00,0,0,0.0125,5,12
1.60,19.20,2846,8000,1,0.54,0.00,0,0,0.0133,5,12
1.70,20.40,2949,8000,1,0.54,0.00,0,0,0.0142,5,12
1.80,21.60,3051,8000,1,0.54,0.00,0,0,0.0150,5,12
1.90,22.80,3154,8000,1,0.54,0.00,0,0,0.0158,5,12
2.00,24.00,3257,8000,1,0.54,0.00,0,0,0.0167,5,12
2.10,25.20,3360,8000,1,0.54,0.00,0,0,0.0175,5,12
2.20,26.40,3463,8000,1,0.54,0.00,0,0,0.0183,5,12
2.30,27.60,3566,8000,1,0.54,0.00,0,0,0.0192,5,12
2.40,28.80,3669,8000,1,0.54,0.00,0,0,0.0200,5,12
2.50,30.00,3771,8000,1,0.54,0.00,0,0,0.0208,5,12
2.60,31.20,3874,8000,1,0.54,0.00,0,0,0.0217,5,12
2.70,32.40,3977,8000,1,0.54,0.00,0,0,0.0225,5,12
2.80,33.60,4080,8000,1,0.54,0.00,0,0,0.0233,5,12
2.90,34.80,4183,8000,1,0.54,0.00,0,0,0.0242,5,12
3.00,36.00,4286,8000,1,0.54,0.00,0,0,0.0250,5,12
3.10,37.20,4389,8000,1,0.54,0.00,0,0,0.0258,5,12
3.20,38.40,4491,8000,1,0.54,0.00,0,0,0.0267,5,12
3.30,39.60,4594,8000,1,0.54,0.00,0,0,0.0275,5,12
3.40,40.80,4697,8000,1,0.54,0.00,0,0,0.0283,5,12
3.50,42.00,4800,8000,1,0.54,0.00,0,0,0.0292,5,12
3.60,43.20,4903,8000,1,0.54,0.00,0,0,0.0300,5,12
3.70,44.40,5006,8000,1,0.54,0.00,0,0,0.0308,5,12
3.80,45.60,5109,8000,1,0.54,0.00,0,0,0.0317,5,12
3.90,46.80,5211,8000,1,0.54,0.00,0,0,0.0325,5,12
4.00,48.00,5314,8000,1,0.54,0.00,0,0,0.0333,5,12
4.10,49.20,5417,8000,1,0.54,0.00,0,0,0.0342,5,12
4.20,50.40,5520,8000,1,0.54,0.00,0,0,0.0350,5,12
4.30,51.60,5623,8000,1,0.54,0.00,0,0,0.0358,5,12
4.40,52.80,5726,8000,1,0.54,0.00,0,0,0.0367,5,12
4.50,54.00,5829,8000,1,0.54,0.00,0,0,0.0375,5,12
4.60,55.20,4211,8000,2,0.54,0.00,0,0,0.0383,5,12
4.70,56.40,4276,8000,2,0.54,0.00,0,0,0.0392,5,12
4.80,57.60,4342,8000,2,0.54,0.00,0,0,0.0400,5,12
4.90,58.80,4407,8000,2,0.54,0.00,0,0,0.0408,5,12
5.00,61.13,4534,8000,2,0.77,0.00,0,1,0.0417,5,12
5.10,61.25,4541,8000,2,0.32,0.00,0,0,0.0425,5,12
5.20,61.37,4548,8000,2,0.32,0.00,0,0,0.0433,5,12
5.30,61.49,4554,8000,2,0.32,0.00,0,0,0.0442,5,12
5.40,61.61,4561,8000,2,0.32,0.00,0,0,0.0450,5,12
5.50,61.74,4568,8000,2,0.32,0.00,0,0,0.0458,5,12
5.60,61.87,4575,8000,2,0.33,0.00,0,0,0.0467,5,12
5.70,62.00,4582,8000,2,0.33,0.00,0,0,0.0475,5,12
5.80,62.14,4590,8000,2,0.33,0.00,0,0,0.0483,5,12
5.90,62.30,4598,8000,2,0.33,0.00,0,0,0.0492,5,12
6.00,62.46,4607,8000,2,0.33,0.00,0,0,0.0500,5,12
6.10,62.64,4617,8000,2,0.34,0.00,0,0,0.0508,5,12
6.20,62.83,4627,8000,2,0.34,0.00,0,0,0.0517,5,12
6.30,63.03,4638,8000,2,0.34,0.00,0,0,0.0525,5,12
6.40,63.26,4650,8000,2,0.34,0.00,0,0,0.0533,5,12
6.50,63.50,4664,8000,2,0.35,0.00,0,0,0.0542,5,12
6.60,63.76,4678,8000,2,0.35,0.00,0,0,0.0550,5,12
6.70,64.04,4693,8000,2,0.36,0.00,0,0,0.0558,5,12
6.80,64.35,4710,8000,2,0.36,0.00,0,0,0.0567,5,12
6.90,64.68,4728,8000,2,0.37,0.00,0,0,0.0575,5,12
7.00,65.03,4747,8000,2,0.37,0.00,0,0,0.0583,5,12
7.10,65.40,4768,8000,2,0.38,0.00,0,0,0.0592,5,12
7.20,65.81,4790,8000,2,0.38,0.00,0,0,0.0600,5,12
7.30,66.24,4813,8000,2,0.39,0.00,0,0,0.0608,5,12
7.40,66.69,4838,8000,2,0.39,0.00,0,0,0.0617,5,12
7.50,67.18,4864,8000,2,0.40,0.00,0,0,0.0625,5,12
7.60,67.69,4892,8000,2,0.40,0.00,0,0,0.0633,5,12
7.70,68.23,4922,8000,2,0.41,0.00,0,0,0.0642,5,12
7.80,68.80,4953,8000,2,0.41,0.00,0,0,0.0650,5,12
7.90,69.40,4986,8000,2,0.42,0.00,0,0,0.0658,5,12
8.00,70.03,5020,8000,2,0.43,0.00,0,0,0.0667,5,12
8.10,70.69,5056,8000,2,0.43,0.00,0,0,0.0675,5,12
8.20,71.37,5093,8000,2,0.44,0.00,0,0,0.0683,5,12
8.30,72.08,5132,8000,2,0.44,0.00,0,0,0.0692,5,12
8.40,72.83,5172,8000,2,0.45,0.00,0,0,0.0700,5,12
8.50,73.59,5214,8000,2,0.45,0.00,0,0,0.0708,5,12
8.60,74.39,5258,8000,2,0.46,0.00,0,0,0.0717,5,12
8.70,75.21,5302,8000,2,0.46,0.00,0,0,0.0725,5,12
8.80,76.05,5348,8000,2,0.47,0.00,0,0,0.0733,5,12
8.90,76.92,5396,8000,2,0.47,0.00,0,0,0.0742,5,12
9.00,77.82,5445,8000,2,0.48,0.00,0,0,0.0750,5,12
9.10,78.73,5495,8000,2,0.48,0.00,0,0,0.0758,5,12
9.20,79.67,5546,8000,2,0.49,0.00,0,0,0.0767,5,12
9.30,80.63,5598,8000,2,0.49,0.00,0,0,0.0775,5,12
9.40,81.60,5651,8000,2,0.50,0.00,0,0,0.0783,5,12
9.50,82.59,5705,8000,2,0.50,0.00,0,0,0.0792,5,12
9.60,83.60,5760,8000,2,0.50,0.00,0,0,0.0800,5,12
9.70,84.63,5816,8000,2,0.50,0.00,0,0,0.0808,5,12
9.80,85.66,5872,8000,2,0.51,0.00,0,0,0.0817,5,12
9.90,86.71,5930,8000,2,0.51,0.00,0,0,0.0825,5,12
10.00,87.76,5987,8000,2,0.51,0.00,0,0,0.0833,5,12
10.10,88.83,6045,8000,2,0.51,0.00,0,0,0.0842,5,12
10.20,89.90,6104,8000,2,0.51,0.00,0,0,0.0850,5,12
10.30,90.98,6162,8000,2,0.52,0.00,0,0,0.0858,5,12
10.40,92.05,6221,8000,2,0.52,0.00,0,0,0.0867,5,12
10.50,93.13,6280,8000,2,0.52,0.00,0,0,0.0875,5,12
10.60,94.21,6339,8000,2,0.52,0.00,0,0,0.0883,5,12
10.70,95.29,5012,8000,3,0.52,0.00,0,0,0.0892,5,12
10.80,96.36,5055,8000,3,0.51,0.00,0,0,0.0900,5,12
10.90,97.43,5097,8000,3,0.51,0.00,0,0,0.0908,5,12
11.00,98.49,5140,8000,3,0.51,0.00,0,0,0.0917,5,12
11.10,99.54,5182,8000,3,0.51,0.00,0,0,0.0925,5,12
11.20,100.58,5223,8000,3,0.51,0.00,0,0,0.0933,5,12
11.30,101.61,5265,8000,3,0.51,0.00,0,0,0.0942,5,12
11.40,102.63,5305,8000,3,0.50,0.00,0,0,0.0950,5,12
11.50,103.63,5345,8000,3,0.50,0.00,0,0,0.0958,5,12
11.60,104.61,5384,8000,3,0.50,0.00,0,0,0.0967,5,12
11.70,105.58,5423,8000,3,0.49,0.00,0,0,0.0975,5,12
11.80,106.52,5461,8000,3,0.49,0.00,0,0,0.0983,5,12
11.90,107.45,5498,8000,3,0.49,0.00,0,0,0.0992,5,12
12.00,108.35,5534,8000,3,0.48,0.00,0,0,0.1000,5,12
12.10,109.23,5569,8000,3,0.48,0.00,0,0,0.1008,5,12
12.20,110.09,5603,8000,3,0.47,0.00,0,0,0.1017,5,12
12.30,110.92,5637,8000,3,0.47,0.00,0,0,0.1025,5,12
12.40,111.72,5669,8000,3,0.46,0.00,0,0,0.1033,5,12
12.50,112.50,5700,8000,3,0.46,0.00,0,0,0.1042,5,12
12.60,113.26,5730,8000,3,0.45,0.00,0,0,0.1050,5,12
12.70,113.98,5759,8000,3,0.45,0.00,0,0,0.1058,5,12
12.80,114.68,5787,8000,3,0.44,0.00,0,0,0.1067,5,12
12.90,115.35,5814,8000,3,0.43,0.00,0,0,0.1075,5,12
13.00,115.99,5840,8000,3,0.43,0.00,0,0,0.1083,5,12
13.10,116.60,5864,8000,3,0.42,0.00,0,0,0.1092,5,12
13.20,117.18,5887,8000,3,0.42,0.00,0,0,0.1100,5,12
13.30,117.74,5909,8000,3,0.41,0.00,0,0,0.1108,5,12
13.40,118.26,5930,8000,3,0.41,0.00,0,0,0.1117,5,12
13.50,118.76,5950,8000,3,0.40,0.00,0,0,0.1125,5,12
13.60,119.23,5969,8000,3,0.39,0.00,0,0,0.1133,5,12
13.70,119.67,5987,8000,3,0.39,0.00,0,0,0.1142,5,12
13.80,120.08,6003,8000,3,0.38,0.00,0,0,0.1150,5,12
13.90,120.47,6019,8000,3,0.38,0.00,0,0,0.1158,5,12
14.00,120.84,6033,8000,3,0.37,0.00,0,0,0.1167,5,12
14.10,121.18,6047,8000,3,0.37,0.00,0,0,0.1175,5,12
14.20,121.49,6060,8000,3,0.36,0.00,0,0,0.1183,5,12
14.30,121.78,6071,8000,3,0.36,0.00,0,0,0.1192,5,12
14.40,122.05,6082,8000,3,0.35,0.00,0,0,0.1200,5,12
14.50,122.30,6092,8000,3,0.35,0.00,0,0,0.1208,5,12
14.60,122.54,6101,8000,3,0.35,0.00,0,0,0.1217,5,12
14.70,122.75,6110,8000,3,0.34,0.00,0,0,0.1225,5,12
14.80,122.95,6118,8000,3,0.34,0.00,0,0,0.1233,5,12
14.90,123.13,6125,8000,3,0.34,0.00,0,0,0.1242,5,12
15.00,123.30,6132,8000,3,0.33,0.00,0,0,0.1250,5,12
15.10,123.45,6138,8000,3,0.33,0.00,0,0,0.1258,5,12
15.20,123.60,6144,8000,3,0.33,0.00,0,0,0.1267,5,12
15.30,123.74,6150,8000,3,0.33,0.00,0,0,0.1275,5,12
15.40,123.87,6155,8000,3,0.33,0.00,0,0,0.1283,5,12
15.50,124.00,6160,8000,3,0.33,0.00,0,0,0.1292,5,12
15.60,124.12,6165,8000,3,0.32,0.00,0,0,0.1300,5,12
15.70,124.24,6170,8000,3,0.32,0.00,0,0,0.1308,5,12
15.80,124.36,6174,8000,3,0.32,0.00,0,0,0.1317,5,12
15.90,124.48,6179,8000,3,0.32,0.00,0,0,0.1325,5,12
16.00,124.61,6184,8000,3,0.33,0.00,0,0,0.1333,5,12
16.10,124.74,6189,8000,3,0.33,0.00,0,0,0.1342,5,12
16.20,124.87,6195,8000,3,0.33,0.00,0,0,0.1350,5,12
16.30,125.02,6201,8000,3,0.33,0.00,0,0,0.1358,5,12
16.40,125.17,6207,8000,3,0.33,0.00,0,0,0.1367,5,12
16.50,125.34,6214,8000,3,0.33,0.00,0,0,0.1375,5,12
16.60,125.52,6221,8000,3,0.34,0.00,0,0,0.1383,5,12
16.70,125.71,6229,8000,3,0.34,0.00,0,0,0.1392,5,12
16.80,125.93,6237,8000,3,0.34,0.00,0,0,0.1400,5,12
16.90,126.15,6246,8000,3,0.35,0.00,0,0,0.1408,5,12
17.00,126.40,6256,8000,3,0.35,0.00,0,0,0.1417,5,12
17.10,126.67,6267,8000,3,0.35,0.00,0,0,0.1425,5,12
17.20,126.96,6278,8000,3,0.36,0.00,0,0,0.1433,5,12
17.30,127.27,6291,8000,3,0.36,0.00,0,0,0.1442,5,12
17.40,127.60,6304,8000,3,0.37,0.00,0,0,0.1450,5,12
17.50,127.96,6318,8000,3,0.37,0.00,0,0,0.1458,5,12
17.60,128.35,6334,8000,3,0.38,0.00,0,0,0.1467,5,12
17.70,128.76,6350,8000,3,0.38,0.00,0,0,0.1475,5,12
17.80,129.20,6368,8000,3,0.39,0.00,0,0,0.1483,5,12
17.90,129.66,6386,8000,3,0.39,0.00,0,0,0.1492,5,12
18.00,130.15,6406,8000,3,0.40,0.00,0,0,0.1500,5,12
18.10,130.67,6427,8000,3,0.40,0.00,0,0,0.1508,5,12
18.20,131.22,6449,8000,3,0.41,0.00,0,0,0.1517,5,12
18.30,131.80,6472,8000,3,0.42,0.00,0,0,0.1525,5,12
18.40,132.41,6496,8000,3,0.42,0.00,0,0,0.1533,5,12
18.50,133.04,6522,8000,3,0.43,0.00,0,0,0.1542,5,12
18.60,133.71,6548,8000,3,0.43,0.00,0,0,0.1550,5,12
18.70,134.40,6576,8000,3,0.44,0.00,0,0,0.1558,5,12
18.80,135.12,5582,8000,4,0.44,0.00,0,0,0.1567,5,12
18.90,135.87,5607,8000,4,0.45,0.00,0,0,0.1575,5,12
19.00,136.65,5632,8000,4,0.46,0.00,0,0,0.1583,5,12
19.10,137.45,5658,8000,4,0.46,0.00,0,0,0.1592,5,12
19.20,138.28,5685,8000,4,0.47,0.00,0,0,0.1600,5,12
19.30,139.13,5712,8000,4,0.47,0.00,0,0,0.1608,5,12
19.40,140.00,5741,8000,4,0.48,0.00,0,0,0.1617,5,12
19.50,140.90,5770,8000,4,0.48,0.00,0,0,0.1625,5,12
19.60,141.83,5800,8000,4,0.48,0.00,0,0,0.1633,5,12
19.70,142.77,5830,8000,4,0.49,0.00,0,0,0.1642,5,12
19.80,143.73,5862,8000,4,0.49,0.00,0,0,0.1650,5,12
19.90,144.71,5893,8000,4,0.50,0.00,0,0,0.1658,5,12
20.00,44.84,3646,8000,2,0.00,1.00,1,0,0.1667,5,12
20.10,45.54,3684,8000,2,0.44,0.00,0,0,0.1675,5,12
20.20,46.22,3721,8000,2,0.44,0.00,0,0,0.1683,5,12
20.30,46.87,3757,8000,2,0.43,0.00,0,0,0.1692,5,12
20.40,47.50,3791,8000,2,0.43,0.00,0,0,0.1700,5,12
20.50,48.11,3824,8000,2,0.42,0.00,0,0,0.1708,5,12
20.60,48.70,3856,8000,2,0.42,0.00,0,0,0.1717,5,12
20.70,49.26,3887,8000,2,0.41,0.00,0,0,0.1725,5,12
20.80,49.80,3916,8000,2,0.41,0.00,0,0,0.1733,5,12
20.90,50.32,3945,8000,2,0.40,0.00,0,0,0.1742,5,12
21.00,50.82,3972,8000,2,0.40,0.00,0,0,0.1750,5,12
21.10,51.30,3998,8000,2,0.40,0.00,0,0,0.1758,5,12
21.20,51.76,4023,8000,2,0.39,0.00,0,0,0.1767,5,12
21.30,52.19,4047,8000,2,0.39,0.00,0,0,0.1775,5,12
21.40,52.61,4070,8000,2,0.38,0.00,0,0,0.1783,5,12
21.50,53.02,4092,8000,2,0.38,0.00,0,0,0.1792,5,12
21.60,53.40,4113,8000,2,0.38,0.00,0,0,0.1800,5,12
21.70,53.77,4133,8000,2,0.37,0.00,0,0,0.1808,5,12
21.80,54.12,4152,8000,2,0.37,0.00,0,0,0.1817,5,12
21.90,54.45,4170,8000,2,0.37,0.00,0,0,0.1825,5,12
22.00,54.77,4188,8000,2,0.36,0.00,0,0,0.1833,5,12
22.10,55.08,4204,8000,2,0.36,0.00,0,0,0.1842,5,12
22.20,55.37,4220,8000,2,0.36,0.00,0,0,0.1850,5,12
22.30,55.65,4236,8000,2,0.36,0.00,0,0,0.1858,5,12
22.40,55.92,4250,8000,2,0.35,0.00,0,0,0.1867,5,12
22.50,56.18,4264,8000,2,0.35,0.00,0,0,0.1875,5,12
22.60,56.43,4278,8000,2,0.35,0.00,0,0,0.1883,5,12
22.70,56.67,4291,8000,2,0.35,0.00,0,0,0.1892,5,12
22.80,56.90,4304,8000,2,0.35,0.00,0,0,0.1900,5,12
22.90,57.13,4316,8000,2,0.34,0.00,0,0,0.1908,5,12
23.00,57.34,4328,8000,2,0.34,0.00,0,0,0.1917,5,12
23.10,57.56,4339,8000,2,0.34,0.00,0,0,0.1925,5,12
23.20,57.76,4351,8000,2,0.34,0.00,0,0,0.1933,5,12
23.30,57.97,4362,8000,2,0.34,0.00,0,0,0.1942,5,12
23.40,58.17,4373,8000,2,0.34,0.00,0,0,0.1950,5,12
23.50,58.37,4384,8000,2,0.34,0.00,0,0,0.1958,5,12
23.60,58.57,4395,8000,2,0.34,0.00,0,0,0.1967,5,12
23.70,58.77,4406,8000,2,0.34,0.00,0,0,0.1975,5,12
23.80,58.97,4417,8000,2,0.34,0.00,0,0,0.1983,5,12
23.90,59.18,4428,8000,2,0.34,0.00,0,0,0.1992,5,12
24.00,59.39,4439,8000,2,0.34,0.00,0,0,0.2000,5,12
24.10,59.60,4451,8000,2,0.34,0.00,0,0,0.2008,5,12
24.20,59.81,4463,8000,2,0.34,0.00,0,0,0.2017,5,12
24.30,60.04,4475,8000,2,0.34,0.00,0,0,0.2025,5,12
24.40,60.27,4487,8000,2,0.35,0.00,0,0,0.2033,5,12
24.50,60.50,4500,8000,2,0.35,0.00,0,0,0.2042,5,12
24.60,60.75,4514,8000,2,0.35,0.00,0,0,0.2050,5,12
24.70,61.01,4528,8000,2,0.35,0.00,0,0,0.2058,5,12
24.80,61.27,4542,8000,2,0.35,0.00,0,0,0.2067,5,12
24.90,61.55,4557,8000,2,0.36,0.00,0,0,0.2075,5,12
25.00,61.84,4573,8000,2,0.36,0.00,0,0,0.2083,5,12
25.10,62.14,4590,8000,2,0.36,0.00,0,0,0.2092,5,12
25.20,62.46,4607,8000,2,0.36,0.00,0,0,0.2100,5,12
25.30,62.79,4625,8000,2,0.37,0.00,0,0,0.2108,5,12
25.40,63.14,4644,8000,2,0.37,0.00,0,0,0.2117,5,12
25.50,63.50,4664,8000,2,0.37,0.00,0,0,0.2125,5,12
25.60,63.88,4684,8000,2,0.38,0.00,0,0,0.2133,5,12
25.70,64.28,4706,8000,2,0.38,0.00,0,0,0.2142,5,12
25.80,64.69,4729,8000,2,0.38,0.00,0,0,0.2150,5,12
25.90,65.13,4752,8000,2,0.39,0.00,0,0,0.2158,5,12
26.00,65.58,4777,8000,2,0.39,0.00,0,0,0.2167,5,12
26.10,66.06,4803,8000,2,0.39,0.00,0,0,0.2175,5,12
26.20,66.55,4830,8000,2,0.40,0.00,0,0,0.2183,5,12
26.30,67.06,4858,8000,2,0.40,0.00,0,0,0.2192,5,12
26.40,67.60,4887,8000,2,0.41,0.00,0,0,0.2200,5,12
26.50,68.16,4918,8000,2,0.41,0.00,0,0,0.2208,5,12
26.60,68.74,4949,8000,2,0.42,0.00,0,0,0.2217,5,12
26.70,69.34,4982,8000,2,0.42,0.00,0,0,0.2225,5,12
26.80,69.97,5016,8000,2,0.43,0.00,0,0,0.2233,5,12
26.90,70.61,5052,8000,2,0.43,0.00,0,0,0.2242,5,12
27.00,71.29,5088,8000,2,0.43,0.00,0,0,0.2250,5,12
27.10,71.98,5126,8000,2,0.44,0.00,0,0,0.2258,5,12
27.20,72.70,5165,8000,2,0.44,0.00,0,0,0.2267,5,12
27.30,73.44,5206,8000,2,0.45,0.00,0,0,0.2275,5,12
27.40,74.21,5248,8000,2,0.45,0.00,0,0,0.2283,5,12
27.50,75.00,5291,8000,2,0.46,0.00,0,0,0.2292,5,12
27.60,75.81,5335,8000,2,0.46,0.00,0,0,0.2300,5,12
27.70,76.65,5381,8000,2,0.47,0.00,0,0,0.2308,5,12
27.80,77.52,5428,8000,2,0.47,0.00,0,0,0.2317,5,12
27.90,78.40,5476,8000,2,0.48,0.00,0,0,0.2325,5,12
28.00,79.31,5526,8000,2,0.48,0.00,0,0,0.2333,5,12
28.10,80.25,5577,8000,2,0.49,0.00,0,0,0.2342,5,12
28.20,81.20,5629,8000,2,0.49,0.00,0,0,0.2350,5,12
28.30,82.18,5683,8000,2,0.50,0.00,0,0,0.2358,5,12
28.40,83.19,5737,8000,2,0.50,0.00,0,0,0.2367,5,12
28.50,84.21,5793,8000,2,0.51,0.00,0,0,0.2375,5,12
28.60,85.26,5850,8000,2,0.51,0.00,0,0,0.2383,5,12
28.70,86.33,5909,8000,2,0.51,0.00,0,0,0.2392,5,12
28.80,87.42,5968,8000,2,0.52,0.00,0,0,0.2400,5,12
28.90,88.53,6029,8000,2,0.52,0.00,0,0,0.2408,5,12
29.00,89.66,6090,8000,2,0.53,0.00,0,0,0.2417,5,12
29.10,90.81,6153,8000,2,0.53,0.00,0,0,0.2425,5,12
29.20,91.98,6217,8000,2,0.53,0.00,0,0,0.2433,5,12
29.30,93.17,6282,8000,2,0.54,0.00,0,0,0.2442,5,12
29.40,94.37,6348,8000,2,0.54,0.00,0,0,0.2450,5,12
29.50,95.60,5024,8000,3,0.54,0.00,0,0,0.2458,5,12
29.60,96.84,5074,8000,3,0.55,0.00,0,0,0.2467,5,12
29.70,98.09,5124,8000,3,0.55,0.00,0,0,0.2475,5,12
29.80,99.37,5175,8000,3,0.55,0.00,0,0,0.2483,5,12
29.90,100.65,5226,8000,3,0.56,0.00,0,0,0.2492,5,12
30.00,101.95,5278,8000,3,0.56,0.00,0,0,0.2500,5,12
30.10,103.26,5331,8000,3,0.56,0.00,0,0,0.2508,5,12
30.20,104.59,5384,8000,3,0.56,0.00,0,0,0.2517,5,12
30.30,105.92,5437,8000,3,0.57,0.00,0,0,0.2525,5,12
30.40,107.27,5491,8000,3,0.57,0.00,0,0,0.2533,5,12
30.50,108.63,5545,8000,3,0.57,0.00,0,0,0.2542,5,12
30.60,109.99,5600,8000,3,0.57,0.00,0,0,0.2550,5,12
30.70,111.36,5655,8000,3,0.57,0.00,0,0,0.2558,5,12
30.80,112.74,5710,8000,3,0.58,0.00,0,0,0.2567,5,12
30.90,114.13,5765,8000,3,0.58,0.00,0,0,0.2575,5,12
31.00,115.52,5821,8000,3,0.58,0.00,0,0,0.2583,5,12
31.10,116.91,5876,8000,3,0.58,0.00,0,0,0.2592,5,12
31.20,118.31,5932,8000,3,0.58,0.00,0,0,0.2600,5,12
31.30,119.70,5988,8000,3,0.58,0.00,0,0,0.2608,5,12
31.40,121.10,6044,8000,3,0.58,0.00,0,0,0.2617,5,12
31.50,122.50,6100,8000,3,0.58,0.00,0,0,0.2625,5,12
31.60,123.90,6156,8000,3,0.58,0.00,0,0,0.2633,5,12
31.70,125.30,6212,8000,3,0.58,0.00,0,0,0.2642,5,12
31.80,126.70,6268,8000,3,0.58,0.00,0,0,0.2650,5,12
31.90,128.09,6323,8000,3,0.58,0.00,0,0,0.2658,5,12
32.00,129.47,6379,8000,3,0.58,0.00,0,0,0.2667,5,12
32.10,130.85,6434,8000,3,0.58,0.00,0,0,0.2675,5,12
32.20,132.23,6489,8000,3,0.57,0.00,0,0,0.2683,5,12
32.30,133.59,6544,8000,3,0.57,0.00,0,0,0.2692,5,12
32.40,134.95,6598,8000,3,0.57,0.00,0,0,0.2700,5,12
32.50,136.30,5621,8000,4,0.57,0.00,0,0,0.2708,5,12
32.60,137.64,5664,8000,4,0.57,0.00,0,0,0.2717,5,12
32.70,138.97,5707,8000,4,0.57,0.00,0,0,0.2725,5,12
32.80,140.29,5750,8000,4,0.56,0.00,0,0,0.2733,5,12
32.90,141.59,5792,8000,4,0.56,0.00,0,0,0.2742,5,12
33.00,142.88,5834,8000,4,0.56,0.00,0,0,0.2750,5,12
33.10,144.16,5875,8000,4,0.56,0.00,0,0,0.2758,5,12
33.20,145.42,5916,8000,4,0.55,0.00,0,0,0.2767,5,12
33.30,146.66,5957,8000,4,0.55,0.00,0,0,0.2775,5,12
33.40,147.89,5997,8000,4,0.55,0.00,0,0,0.2783,5,12
33.50,149.11,6036,8000,4,0.54,0.00,0,0,0.2792,5,12
33.60,150.30,6075,8000,4,0.54,0.00,0,0,0.2800,5,12
33.70,151.48,6113,8000,4,0.54,0.00,0,0,0.2808,5,12
33.80,152.63,6150,8000,4,0.53,0.00,0,0,0.2817,5,12
33.90,153.77,6187,8000,4,0.53,0.00,0,0,0.2825,5,12
34.00,154.89,6223,8000,4,0.52,0.00,0,0,0.2833,5,12
34.10,155.98,6259,8000,4,0.52,0.00,0,0,0.2842,5,12
34.20,157.06,6294,8000,4,0.52,0.00,0,0,0.2850,5,12
34.30,158.11,6328,8000,4,0.51,0.00,0,0,0.2858,5,12
34.40,159.15,6361,8000,4,0.51,0.00,0,0,0.2867,5,12
34.50,160.16,6394,8000,4,0.50,0.00,0,0,0.2875,5,12
34.60,161.14,6426,8000,4,0.50,0.00,0,0,0.2883,5,12
34.70,162.11,6458,8000,4,0.49,0.00,0,0,0.2892,5,12
34.80,163.05,6488,8000,4,0.49,0.00,0,0,0.2900,5,12
34.90,163.97,6518,8000,4,0.48,0.00,0,0,0.2908,5,12
35.00,164.86,6547,8000,4,0.48,0.00,0,0,0.2917,5,12
35.10,164.93,6549,8000,4,0.31,0.00,0,0,0.2925,5,12
35.20,164.98,6551,8000,4,0.31,0.00,0,0,0.2933,5,12
35.30,165.00,6551,8000,4,0.30,0.00,0,0,0.2942,5,12
35.40,165.00,6551,8000,4,0.00,0.00,0,0,0.2950,5,12
35.50,164.97,6550,8000,4,0.00,0.00,0,0,0.2958,5,12
35.60,164.92,6549,8000,4,0.00,0.00,0,0,0.2967,5,12
35.70,164.85,6546,8000,4,0.00,0.00,0,0,0.2975,5,12
35.80,164.75,6543,8000,4,0.00,0.00,0,0,0.2983,5,12
35.90,164.63,6539,8000,4,0.00,0.00,0,0,0.2992,5,12
36.00,164.48,6535,8000,4,0.00,0.00,0,0,0.3000,5,12
36.10,164.32,6529,8000,4,0.00,0.00,0,0,0.3008,5,12
36.20,164.13,6523,8000,4,0.00,0.00,0,0,0.3017,5,12
36.30,163.91,6516,8000,4,0.00,0.00,0,0,0.3025,5,12
36.40,163.68,6509,8000,4,0.00,0.00,0,0,0.3033,5,12
36.50,163.42,6500,8000,4,0.00,0.00,0,0,0.3042,5,12
36.60,163.14,6491,8000,4,0.00,0.00,0,0,0.3050,5,12
36.70,162.84,6481,8000,4,0.00,0.00,0,0,0.3058,5,12
36.80,162.52,6471,8000,4,0.00,0.00,0,0,0.3067,5,12
36.90,162.18,6460,8000,4,0.00,0.00,0,0,0.3075,5,12
37.00,161.82,6448,8000,4,0.00,0.00,0,0,0.3083,5,12
37.10,161.45,6436,8000,4,0.00,0.00,0,0,0.3092,5,12
37.20,161.05,6423,8000,4,0.00,0.00,0,0,0.3100,5,12
37.30,160.63,6410,8000,4,0.00,0.00,0,0,0.3108,5,12
37.40,160.20,6396,8000,4,0.00,0.00,0,0,0.3117,5,12
37.50,159.75,6381,8000,4,0.00,0.00,0,0,0.3125,5,12
37.60,159.29,6366,8000,4,0.00,0.00,0,0,0.3133,5,12
37.70,158.81,6351,8000,4,0.00,0.00,0,0,0.3142,5,12
37.80,158.32,6335,8000,4,0.00,0.00,0,0,0.3150,5,12
37.90,157.81,6318,8000,4,0.00,0.05,0,0,0.3158,5,12
38.00,157.30,6301,8000,4,0.00,0.05,0,0,0.3167,5,12
38.10,156.77,6284,8000,4,0.00,0.05,0,0,0.3175,5,12
38.20,156.23,6267,8000,4,0.00,0.05,0,0,0.3183,5,12
38.30,155.67,6249,8000,4,0.00,0.06,0,0,0.3192,5,12
38.40,155.11,6231,8000,4,0.00,0.06,0,0,0.3200,5,12
38.50,154.55,6212,8000,4,0.00,0.06,0,0,0.3208,5,12
38.60,153.97,6194,8000,4,0.00,0.06,0,0,0.3217,5,12
38.70,153.39,6175,8000,4,0.00,0.06,0,0,0.3225,5,12
38.80,152.80,6156,8000,4,0.00,0.06,0,0,0.3233,5,12
38.90,152.21,6137,8000,4,0.00,0.06,0,0,0.3242,5,12
39.00,151.62,6117,8000,4,0.00,0.06,0,0,0.3250,5,12
39.10,151.02,6098,8000,4,0.00,0.06,0,0,0.3258,5,12
39.20,150.42,6078,8000,4,0.00,0.06,0,0,0.3267,5,12
39.30,149.82,6059,8000,4,0.00,0.06,0,0,0.3275,5,12
39.40,149.22,6040,8000,4,0.00,0.06,0,0,0.3283,5,12
39.50,148.62,6020,8000,4,0.00,0.06,0,0,0.3292,5,12
39.60,148.03,6001,8000,4,0.00,0.06,0,0,0.3300,5,12
39.70,147.43,5982,8000,4,0.00,0.06,0,0,0.3308,5,12
39.80,146.84,5962,8000,4,0.00,0.06,0,0,0.3317,5,12
39.90,146.26,5944,8000,4,0.00,0.06,0,0,0.3325,5,12
40.00,108.26,4711,8000,4,0.00,1.00,1,0,0.3333,5,12
40.10,108.64,4724,8000,4,0.38,0.00,0,0,0.3342,5,12
40.20,108.98,4735,8000,4,0.37,0.00,0,0,0.3350,5,12
40.30,109.27,4744,8000,4,0.36,0.00,0,0,0.3358,5,12
40.40,109.52,4752,8000,4,0.35,0.00,0,0,0.3367,5,12
40.50,109.71,4758,8000,4,0.34,0.00,0,0,0.3375,5,12
40.60,109.86,4763,8000,4,0.33,0.00,0,0,0.3383,5,12
40.70,109.95,4766,8000,4,0.32,0.00,0,0,0.3392,5,12
40.80,110.00,4767,8000,4,0.31,0.00,0,0,0.3400,5,12
40.90,109.99,4767,8000,4,0.00,0.00,0,0,0.3408,5,12
41.00,109.94,4766,8000,4,0.00,0.00,0,0,0.3417,5,12
41.10,109.83,4762,8000,4,0.00,0.00,0,0,0.3425,5,12
41.20,109.68,4757,8000,4,0.00,0.00,0,0,0.3433,5,12
41.30,109.47,4751,8000,4,0.00,0.00,0,0,0.3442,5,12
41.40,109.22,4742,8000,4,0.00,0.00,0,0,0.3450,5,12
41.50,108.92,4733,8000,4,0.00,0.00,0,0,0.3458,5,12
41.60,108.58,4721,8000,4,0.00,0.00,0,0,0.3467,5,12
41.70,108.18,4709,8000,4,0.00,0.00,0,0,0.3475,5,12
41.80,107.74,4694,8000,4,0.00,0.00,0,0,0.3483,5,12
41.90,107.26,4679,8000,4,0.00,0.00,0,0,0.3492,5,12
42.00,106.73,4662,8000,4,0.00,0.05,0,0,0.3500,5,12
42.10,106.16,4643,8000,4,0.00,0.06,0,0,0.3508,5,12
42.20,105.56,4623,8000,4,0.00,0.06,0,0,0.3517,5,12
42.30,104.91,4602,8000,4,0.00,0.06,0,0,0.3525,5,12
42.40,104.22,4580,8000,4,0.00,0.07,0,0,0.3533,5,12
42.50,103.50,4557,8000,4,0.00,0.07,0,0,0.3542,5,12
42.60,102.75,4532,8000,4,0.00,0.08,0,0,0.3550,5,12
42.70,101.96,4507,8000,4,0.00,0.08,0,0,0.3558,5,12
42.80,101.15,4480,8000,4,0.00,0.08,0,0,0.3567,5,12
42.90,100.30,4453,8000,4,0.00,0.08,0,0,0.3575,5,12
43.00,99.43,5177,8000,3,0.00,0.09,0,0,0.3583,5,12
43.10,98.54,5142,8000,3,0.00,0.09,0,0,0.3592,5,12
43.20,97.63,5105,8000,3,0.00,0.09,0,0,0.3600,5,12
43.30,96.69,5068,8000,3,0.00,0.09,0,0,0.3608,5,12
43.40,95.74,5030,8000,3,0.00,0.10,0,0,0.3617,5,12
43.50,94.78,4991,8000,3,0.00,0.10,0,0,0.3625,5,12
43.60,93.80,4952,8000,3,0.00,0.10,0,0,0.3633,5,12
43.70,92.81,4913,8000,3,0.00,0.10,0,0,0.3642,5,12
43.80,91.82,4873,8000,3,0.00,0.10,0,0,0.3650,5,12
43.90,90.82,4833,8000,3,0.00,0.10,0,0,0.3658,5,12
44.00,89.82,4793,8000,3,0.00,0.10,0,0,0.3667,5,12
44.10,88.82,4753,8000,3,0.00,0.10,0,0,0.3675,5,12
44.20,87.83,4713,8000,3,0.00,0.10,0,0,0.3683,5,12
44.30,86.84,4673,8000,3,0.00,0.10,0,0,0.3692,5,12
44.40,85.85,4634,8000,3,0.00,0.10,0,0,0.3700,5,12
44.50,84.88,4595,8000,3,0.00,0.10,0,0,0.3708,5,12
44.60,83.92,4557,8000,3,0.00,0.10,0,0,0.3717,5,12
44.70,82.98,4519,8000,3,0.00,0.09,0,0,0.3725,5,12
44.80,82.05,4482,8000,3,0.00,0.09,0,0,0.3733,5,12
44.90,81.14,4446,8000,3,0.00,0.09,0,0,0.3742,5,12
45.00,80.26,4410,8000,3,0.00,0.09,0,0,0.3750,5,12
45.10,79.40,4376,8000,3,0.00,0.09,0,0,0.3758,5,12
45.20,78.56,4342,8000,3,0.00,0.08,0,0,0.3767,5,12
45.30,77.76,4310,8000,3,0.00,0.08,0,0,0.3775,5,12
45.40,76.98,4279,8000,3,0.00,0.08,0,0,0.3783,5,12
45.50,76.24,4250,8000,3,0.00,0.07,0,0,0.3792,5,12
45.60,75.53,4221,8000,3,0.00,0.07,0,0,0.3800,5,12
45.70,74.86,4194,8000,3,0.00,0.07,0,0,0.3808,5,12
45.80,74.22,4169,8000,3,0.00,0.06,0,0,0.3817,5,12
45.90,73.63,4145,8000,3,0.00,0.06,0,0,0.3825,5,12
46.00,73.08,4123,8000,3,0.00,0.06,0,0,0.3833,5,12
46.10,72.56,4103,8000,3,0.00,0.05,0,0,0.3842,5,12
46.20,72.10,4084,8000,3,0.00,0.00,0,0,0.3850,5,12
46.30,71.67,4067,8000,3,0.00,0.00,0,0,0.3858,5,12
46.40,71.30,4052,8000,3,0.00,0.00,0,0,0.3867,5,12
46.50,70.97,4039,8000,3,0.00,0.00,0,0,0.3875,5,12
46.60,70.68,4027,8000,3,0.00,0.00,0,0,0.3883,5,12
46.70,70.45,4018,8000,3,0.00,0.00,0,0,0.3892,5,12
46.80,70.26,4010,8000,3,0.00,0.00,0,0,0.3900,5,12
46.90,70.13,4005,8000,3,0.00,0.00,0,0,0.3908,5,12
47.00,70.04,4002,8000,3,0.00,0.00,0,0,0.3917,5,12
47.10,70.00,4000,8000,3,0.00,0.00,0,0,0.3925,5,12
47.20,70.01,4001,8000,3,0.30,0.00,0,0,0.3933,5,12
47.30,70.08,4003,8000,3,0.31,0.00,0,0,0.3942,5,12
47.40,70.19,4008,8000,3,0.32,0.00,0,0,0.3950,5,12
47.50,70.35,4014,8000,3,0.33,0.00,0,0,0.3958,5,12
47.60,70.56,4023,8000,3,0.34,0.00,0,0,0.3967,5,12
47.70,70.82,4033,8000,3,0.35,0.00,0,0,0.3975,5,12
47.80,71.13,4045,8000,3,0.36,0.00,0,0,0.3983,5,12
47.90,71.49,4059,8000,3,0.37,0.00,0,0,0.3992,5,12
48.00,71.89,4076,8000,3,0.38,0.00,0,0,0.4000,5,12
48.10,72.34,4093,8000,3,0.39,0.00,0,0,0.4008,5,12
48.20,72.83,4113,8000,3,0.40,0.00,0,0,0.4017,5,12
48.30,73.36,4134,8000,3,0.41,0.00,0,0,0.4025,5,12
48.40,73.93,4157,8000,3,0.42,0.00,0,0,0.4033,5,12
48.50,74.55,4182,8000,3,0.42,0.00,0,0,0.4042,5,12
48.60,75.20,4208,8000,3,0.43,0.00,0,0,0.4050,5,12
48.70,75.90,4236,8000,3,0.44,0.00,0,0,0.4058,5,12
48.80,76.62,4265,8000,3,0.45,0.00,0,0,0.4067,5,12
48.90,77.38,4295,8000,3,0.45,0.00,0,0,0.4075,5,12
49.00,78.17,4327,8000,3,0.46,0.00,0,0,0.4083,5,12
49.10,78.99,4360,8000,3,0.46,0.00,0,0,0.4092,5,12
49.20,79.84,4394,8000,3,0.47,0.00,0,0,0.4100,5,12
49.30,80.72,4429,8000,3,0.47,0.00,0,0,0.4108,5,12
49.40,81.61,4465,8000,3,0.48,0.00,0,0,0.4117,5,12
49.50,82.53,4501,8000,3,0.48,0.00,0,0,0.4125,5,12
49.60,83.47,4539,8000,3,0.49,0.00,0,0,0.4133,5,12
49.70,84.42,4577,8000,3,0.49,0.00,0,0,0.4142,5,12
49.80,85.39,4615,8000,3,0.49,0.00,0,0,0.4150,5,12
49.90,86.37,4655,8000,3,0.50,0.00,0,0,0.4158,5,12
50.00,87.35,4694,8000,3,0.50,0.00,0,0,0.4167,5,12
50.10,88.35,4734,8000,3,0.50,0.00,0,0,0.4175,5,12
50.20,89.35,4774,8000,3,0.50,0.00,0,0,0.4183,5,12
50.30,90.35,4814,8000,3,0.50,0.00,0,0,0.4192,5,12
50.40,91.34,4854,8000,3,0.50,0.00,0,0,0.4200,5,12
50.50,92.34,4894,8000,3,0.50,0.00,0,0,0.4208,5,12
50.60,93.33,4933,8000,3,0.50,0.00,0,0,0.4217,5,12
50.70,94.31,4972,8000,3,0.50,0.00,0,0,0.4225,5,12
50.80,95.28,5011,8000,3,0.49,0.00,0,0,0.4233,5,12
50.90,96.24,5050,8000,3,0.49,0.00,0,0,0.4242,5,12
51.00,97.18,5087,8000,3,0.49,0.00,0,0,0.4250,5,12
51.10,98.11,5124,8000,3,0.48,0.00,0,0,0.4258,5,12
51.20,99.01,5160,8000,3,0.48,0.00,0,0,0.4267,5,12
51.30,99.89,5196,8000,3,0.48,0.00,0,0,0.4275,5,12
51.40,100.75,5230,8000,3,0.47,0.00,0,0,0.4283,5,12
51.50,101.58,5263,8000,3,0.47,0.00,0,0,0.4292,5,12
51.60,102.38,5295,8000,3,0.46,0.00,0,0,0.4300,5,12
51.70,103.15,5326,8000,3,0.45,0.00,0,0,0.4308,5,12
51.80,103.88,5355,8000,3,0.45,0.00,0,0,0.4317,5,12
51.90,104.59,5383,8000,3,0.44,0.00,0,0,0.4325,5,12
52.00,105.25,5410,8000,3,0.43,0.00,0,0,0.4333,5,12
52.10,105.88,5435,8000,3,0.43,0.00,0,0,0.4342,5,12
52.20,106.47,5459,8000,3,0.42,0.00,0,0,0.4350,5,12
52.30,107.01,5481,8000,3,0.41,0.00,0,0,0.4358,5,12
52.40,107.52,5501,8000,3,0.40,0.00,0,0,0.4367,5,12
52.50,107.98,5519,8000,3,0.39,0.00,0,0,0.4375,5,12
52.60,108.39,5536,8000,3,0.38,0.00,0,0,0.4383,5,12
52.70,108.76,5551,8000,3,0.37,0.00,0,0,0.4392,5,12
52.80,109.09,5563,8000,3,0.36,0.00,0,0,0.4400,5,12
52.90,109.36,5574,8000,3,0.35,0.00,0,0,0.4408,5,12
53.00,109.59,5583,8000,3,0.35,0.00,0,0,0.4417,5,12
53.10,109.76,5591,8000,3,0.34,0.00,0,0,0.4425,5,12
53.20,109.89,5596,8000,3,0.33,0.00,0,0,0.4433,5,12
53.30,109.97,5599,8000,3,0.32,0.00,0,0,0.4442,5,12
53.40,110.00,5600,8000,3,0.31,0.00,0,0,0.4450,5,12
53.50,109.98,5599,8000,3,0.00,0.00,0,0,0.4458,5,12
53.60,109.91,5596,8000,3,0.00,0.00,0,0,0.4467,5,12
53.70,109.79,5591,8000,3,0.00,0.00,0,0,0.4475,5,12
53.80,109.62,5585,8000,3,0.00,0.00,0,0,0.4483,5,12
53.90,109.40,5576,8000,3,0.00,0.00,0,0,0.4492,5,12
54.00,109.13,5565,8000,3,0.00,0.00,0,0,0.4500,5,12
54.10,108.81,5552,8000,3,0.00,0.00,0,0,0.4508,5,12
54.20,108.45,5538,8000,3,0.00,0.00,0,0,0.4517,5,12
54.30,108.04,5522,8000,3,0.00,0.00,0,0,0.4525,5,12
54.40,107.59,5503,8000,3,0.00,0.00,0,0,0.4533,5,12
54.50,107.09,5483,8000,3,0.00,0.00,0,0,0.4542,5,12
54.60,106.55,5462,8000,3,0.00,0.05,0,0,0.4550,5,12
54.70,105.96,5439,8000,3,0.00,0.06,0,0,0.4558,5,12
54.80,105.34,5414,8000,3,0.00,0.06,0,0,0.4567,5,12
54.90,104.68,5387,8000,3,0.00,0.07,0,0,0.4575,5,12
55.00,132.21,6488,8000,3,1.00,0.00,0,0,0.4583,5,12
55.10,131.69,6467,8000,3,0.00,0.05,0,0,0.4592,5,12
55.20,131.18,6447,8000,3,0.00,0.05,0,0,0.4600,5,12
55.30,130.70,6428,8000,3,0.00,0.00,0,0,0.4608,5,12
55.40,130.23,6409,8000,3,0.00,0.00,0,0,0.4617,5,12
55.50,129.78,6391,8000,3,0.00,0.00,0,0,0.4625,5,12
55.60,129.35,6374,8000,3,0.00,0.00,0,0,0.4633,5,12
55.70,128.94,6357,8000,3,0.00,0.00,0,0,0.4642,5,12
55.80,128.54,6342,8000,3,0.00,0.00,0,0,0.4650,5,12
55.90,128.17,6327,8000,3,0.00,0.00,0,0,0.4658,5,12
56.00,127.81,6312,8000,3,0.00,0.00,0,0,0.4667,5,12
56.10,127.48,6299,8000,3,0.00,0.00,0,0,0.4675,5,12
56.20,127.16,6286,8000,3,0.00,0.00,0,0,0.4683,5,12
56.30,126.87,6275,8000,3,0.00,0.00,0,0,0.4692,5,12
56.40,126.59,6264,8000,3,0.00,0.00,0,0,0.4700,5,12
56.50,126.34,6254,8000,3,0.00,0.00,0,0,0.4708,5,12
56.60,126.11,6244,8000,3,0.00,0.00,0,0,0.4717,5,12
56.70,125.90,6236,8000,3,0.00,0.00,0,0,0.4725,5,12
56.80,125.71,6228,8000,3,0.00,0.00,0,0,0.4733,5,12
56.90,125.54,6222,8000,3,0.00,0.00,0,0,0.4742,5,12
57.00,125.40,6216,8000,3,0.00,0.00,0,0,0.4750,5,12
57.10,125.28,6211,8000,3,0.00,0.00,0,0,0.4758,5,12
57.20,125.18,6207,8000,3,0.00,0.00,0,0,0.4767,5,12
57.30,125.10,6204,8000,3,0.00,0.00,0,0,0.4775,5,12
57.40,125.04,6202,8000,3,0.00,0.00,0,0,0.4783,5,12
57.50,125.01,6200,8000,3,0.00,0.00,0,0,0.4792,5,12
57.60,125.00,6200,8000,3,0.00,0.00,0,0,0.4800,5,12
57.70,125.01,6200,8000,3,0.30,0.00,0,0,0.4808,5,12
57.80,125.05,6202,8000,3,0.31,0.00,0,0,0.4817,5,12
57.90,125.10,6204,8000,3,0.31,0.00,0,0,0.4825,5,12
58.00,125.18,6207,8000,3,0.32,0.00,0,0,0.4833,5,12
58.10,125.29,6211,8000,3,0.32,0.00,0,0,0.4842,5,12
58.20,125.41,6216,8000,3,0.32,0.00,0,0,0.4850,5,12
58.30,125.56,6222,8000,3,0.33,0.00,0,0,0.4858,5,12
58.40,125.72,6229,8000,3,0.33,0.00,0,0,0.4867,5,12
58.50,125.91,6237,8000,3,0.34,0.00,0,0,0.4875,5,12
58.60,126.13,6245,8000,3,0.34,0.00,0,0,0.4883,5,12
58.70,126.36,6254,8000,3,0.35,0.00,0,0,0.4892,5,12
58.80,126.61,6265,8000,3,0.35,0.00,0,0,0.4900,5,12
58.90,126.89,6276,8000,3,0.36,0.00,0,0,0.4908,5,12
59.00,127.19,6287,8000,3,0.36,0.00,0,0,0.4917,5,12
59.10,127.50,6300,8000,3,0.36,0.00,0,0,0.4925,5,12
59.20,127.84,6314,8000,3,0.37,0.00,0,0,0.4933,5,12
59.30,128.20,6328,8000,3,0.37,0.00,0,0,0.4942,5,12
59.40,128.57,6343,8000,3,0.38,0.00,0,0,0.4950,5,12
59.50,128.97,6359,8000,3,0.38,0.00,0,0,0.4958,5,12
59.60,129.38,6375,8000,3,0.38,0.00,0,0,0.4967,5,12
59.70,129.82,6393,8000,3,0.39,0.00,0,0,0.4975,5,12
59.80,130.27,6411,8000,3,0.39,0.00,0,0,0.4983,5,12
59.90,130.74,6430,8000,3,0.39,0.00,0,0,0.4992,5,12
60.00,131.23,6449,8000,3,0.40,0.00,0,0,0.5000,5,12
60.10,131.73,6469,8000,3,0.40,0.00,0,0,0.5008,5,12
60.20,132.25,6490,8000,3,0.40,0.00,0,0,0.5017,5,12
60.30,132.79,6511,8000,3,0.41,0.00,0,0,0.5025,5,12
60.40,133.34,6533,8000,3,0.41,0.00,0,0,0.5033,5,12
60.50,133.90,6556,8000,3,0.41,0.00,0,0,0.5042,5,12
60.60,134.48,6579,8000,3,0.42,0.00,0,0,0.5050,5,12
60.70,135.08,5581,8000,4,0.42,0.00,0,0,0.5058,5,12
60.80,135.69,5601,8000,4,0.42,0.00,0,0,0.5067,5,12
60.90,136.31,5621,8000,4,0.42,0.00,0,0,0.5075,5,12
61.00,136.94,5641,8000,4,0.43,0.00,0,0,0.5083,5,12
61.10,137.59,5662,8000,4,0.43,0.00,0,0,0.5092,5,12
61.20,138.24,5684,8000,4,0.43,0.00,0,0,0.5100,5,12
61.30,138.91,5705,8000,4,0.43,0.00,0,0,0.5108,5,12
61.40,139.59,5727,8000,4,0.44,0.00,0,0,0.5117,5,12
61.50,140.27,5749,8000,4,0.44,0.00,0,0,0.5125,5,12
61.60,140.97,5772,8000,4,0.44,0.00,0,0,0.5133,5,12
61.70,141.67,5795,8000,4,0.44,0.00,0,0,0.5142,5,12
61.80,142.38,5818,8000,4,0.44,0.00,0,0,0.5150,5,12
61.90,143.10,5841,8000,4,0.44,0.00,0,0,0.5158,5,12
62.00,143.83,5865,8000,4,0.44,0.00,0,0,0.5167,5,12
62.10,144.56,5888,8000,4,0.45,0.00,0,0,0.5175,5,12
62.20,145.29,5912,8000,4,0.45,0.00,0,0,0.5183,5,12
62.30,146.03,5936,8000,4,0.45,0.00,0,0,0.5192,5,12
62.40,146.77,5960,8000,4,0.45,0.00,0,0,0.5200,5,12
62.50,147.52,5984,8000,4,0.45,0.00,0,0,0.5208,5,12
62.60,148.26,6009,8000,4,0.45,0.00,0,0,0.5217,5,12
62.70,149.01,6033,8000,4,0.45,0.00,0,0,0.5225,5,12
62.80,149.76,6057,8000,4,0.45,0.00,0,0,0.5233,5,12
62.90,150.51,6081,8000,4,0.45,0.00,0,0,0.5242,5,12
63.00,151.26,6106,8000,4,0.45,0.00,0,0,0.5250,5,12
63.10,152.01,6130,8000,4,0.45,0.00,0,0,0.5258,5,12
63.20,152.76,6154,8000,4,0.45,0.00,0,0,0.5267,5,12
63.30,153.50,6178,8000,4,0.45,0.00,0,0,0.5275,5,12
63.40,154.24,6202,8000,4,0.45,0.00,0,0,0.5283,5,12
63.50,154.98,6226,8000,4,0.45,0.00,0,0,0.5292,5,12
63.60,155.71,6250,8000,4,0.45,0.00,0,0,0.5300,5,12
63.70,156.44,6274,8000,4,0.45,0.00,0,0,0.5308,5,12
63.80,157.16,6297,8000,4,0.44,0.00,0,0,0.5317,5,12
63.90,157.87,6320,8000,4,0.44,0.00,0,0,0.5325,5,12
64.00,158.58,6343,8000,4,0.44,0.00,0,0,0.5333,5,12
64.10,159.28,6366,8000,4,0.44,0.00,0,0,0.5342,5,12
64.20,159.98,6388,8000,4,0.44,0.00,0,0,0.5350,5,12
64.30,160.66,6411,8000,4,0.44,0.00,0,0,0.5358,5,12
64.40,161.33,6432,8000,4,0.43,0.00,0,0,0.5367,5,12
64.50,162.00,6454,8000,4,0.43,0.00,0,0,0.5375,5,12
64.60,162.65,6475,8000,4,0.43,0.00,0,0,0.5383,5,12
64.70,163.29,6496,8000,4,0.43,0.00,0,0,0.5392,5,12
64.80,163.92,6516,8000,4,0.43,0.00,0,0,0.5400,5,12
64.90,164.53,6536,8000,4,0.42,0.00,0,0,0.5408,5,12
65.00,165.14,6556,8000,4,0.42,0.00,0,0,0.5417,5,12
65.10,165.73,6575,8000,4,0.42,0.00,0,0,0.5425,5,12
65.20,166.30,6594,8000,4,0.42,0.00,0,0,0.5433,5,12
65.30,166.87,6612,8000,4,0.41,0.00,0,0,0.5442,5,12
65.40,167.41,6630,8000,4,0.41,0.00,0,0,0.5450,5,12
65.50,167.94,6647,8000,4,0.41,0.00,0,0,0.5458,5,12
65.60,168.46,6663,8000,4,0.40,0.00,0,0,0.5467,5,12
65.70,168.95,6680,8000,4,0.40,0.00,0,0,0.5475,5,12
65.80,169.43,6695,8000,4,0.40,0.00,0,0,0.5483,5,12
65.90,169.90,6710,8000,4,0.39,0.00,0,0,0.5492,5,12
66.00,170.34,5954,8000,5,0.39,0.00,0,0,0.5500,5,12
66.10,170.77,5966,8000,5,0.39,0.00,0,0,0.5508,5,12
66.20,171.18,5977,8000,5,0.38,0.00,0,0,0.5517,5,12
66.30,171.57,5988,8000,5,0.38,0.00,0,0,0.5525,5,12
66.40,171.94,5998,8000,5,0.37,0.00,0,0,0.5533,5,12
66.50,172.29,6008,8000,5,0.37,0.00,0,0,0.5542,5,12
66.60,172.62,6017,8000,5,0.37,0.00,0,0,0.5550,5,12
66.70,172.92,6026,8000,5,0.36,0.00,0,0,0.5558,5,12
66.80,173.21,6034,8000,5,0.36,0.00,0,0,0.5567,5,12
66.90,173.48,6041,8000,5,0.35,0.00,0,0,0.5575,5,12
67.00,173.73,6048,8000,5,0.35,0.00,0,0,0.5583,5,12
67.10,173.95,6055,8000,5,0.35,0.00,0,0,0.5592,5,12
67.20,174.16,6060,8000,5,0.34,0.00,0,0,0.5600,5,12
67.30,174.34,6065,8000,5,0.34,0.00,0,0,0.5608,5,12
67.40,174.50,6070,8000,5,0.33,0.00,0,0,0.5617,5,12
67.50,174.64,6074,8000,5,0.33,0.00,0,0,0.5625,5,12
67.60,174.75,6077,8000,5,0.32,0.00,0,0,0.5633,5,12
67.70,174.85,6079,8000,5,0.32,0.00,0,0,0.5642,5,12
67.80,174.92,6081,8000,5,0.31,0.00,0,0,0.5650,5,12
67.90,174.97,6083,8000,5,0.31,0.00,0,0,0.5658,5,12
68.00,174.99,6084,8000,5,0.31,0.00,0,0,0.5667,5,12
68.10,175.00,6084,8000,5,0.30,0.00,0,0,0.5675,5,12
68.20,174.98,6083,8000,5,0.00,0.00,0,0,0.5683,5,12
68.30,174.94,6082,8000,5,0.00,0.00,0,0,0.5692,5,12
68.40,174.88,6080,8000,5,0.00,0.00,0,0,0.5700,5,12
68.50,174.79,6078,8000,5,0.00,0.00,0,0,0.5708,5,12
68.60,174.68,6075,8000,5,0.00,0.00,0,0,0.5717,5,12
68.70,174.55,6071,8000,5,0.00,0.00,0,0,0.5725,5,12
68.80,174.40,6067,8000,5,0.00,0.00,0,0,0.5733,5,12
68.90,174.22,6062,8000,5,0.00,0.00,0,0,0.5742,5,12
69.00,174.03,6057,8000,5,0.00,0.00,0,0,0.5750,5,12
69.10,173.81,6051,8000,5,0.00,0.00,0,0,0.5758,5,12
69.20,173.57,6044,8000,5,0.00,0.00,0,0,0.5767,5,12
69.30,173.31,6037,8000,5,0.00,0.00,0,0,0.5775,5,12
69.40,173.03,6029,8000,5,0.00,0.00,0,0,0.5783,5,12
69.50,172.73,6020,8000,5,0.00,0.00,0,0,0.5792,5,12
69.60,172.41,6011,8000,5,0.00,0.00,0,0,0.5800,5,12
69.70,172.06,6002,8000,5,0.00,0.00,0,0,0.5808,5,12
69.80,171.70,5992,8000,5,0.00,0.00,0,0,0.5817,5,12
69.90,171.32,5981,8000,5,0.00,0.00,0,0,0.5825,5,12
70.00,170.92,5970,8000,5,0.00,0.00,0,0,0.5833,5,12
70.10,170.50,5958,8000,5,0.00,0.00,0,0,0.5842,5,12
70.20,170.06,5946,8000,5,0.00,0.00,0,0,0.5850,5,12
70.30,169.60,5933,8000,5,0.00,0.00,0,0,0.5858,5,12
70.40,169.13,5920,8000,5,0.00,0.00,0,0,0.5867,5,12
70.50,168.64,5906,8000,5,0.00,0.00,0,0,0.5875,5,12
70.60,168.13,5892,8000,5,0.00,0.05,0,0,0.5883,5,12
70.70,167.60,5877,8000,5,0.00,0.05,0,0,0.5892,5,12
70.80,167.06,5862,8000,5,0.00,0.05,0,0,0.5900,5,12
70.90,166.51,5847,8000,5,0.00,0.06,0,0,0.5908,5,12
71.00,165.94,5831,8000,5,0.00,0.06,0,0,0.5917,5,12
71.10,165.35,5814,8000,5,0.00,0.06,0,0,0.5925,5,12
71.20,164.75,5798,8000,5,0.00,0.06,0,0,0.5933,5,12
71.30,164.14,5781,8000,5,0.00,0.06,0,0,0.5942,5,12
71.40,163.51,5763,8000,5,0.00,0.06,0,0,0.5950,5,12
71.50,162.88,5745,8000,5,0.00,0.06,0,0,0.5958,5,12
71.60,162.23,5727,8000,5,0.00,0.06,0,0,0.5967,5,12
71.70,161.57,5709,8000,5,0.00,0.07,0,0,0.5975,5,12
71.80,160.90,5690,8000,5,0.00,0.07,0,0,0.5983,5,12
71.90,160.22,5671,8000,5,0.00,0.07,0,0,0.5992,5,12
72.00,159.53,5652,8000,5,0.00,0.07,0,0,0.6000,5,12
72.10,158.83,5633,8000,5,0.00,0.07,0,0,0.6008,5,12
72.20,158.13,5613,8000,5,0.00,0.07,0,0,0.6017,5,12
72.30,157.42,5593,8000,5,0.00,0.07,0,0,0.6025,5,12
72.40,156.70,5573,8000,5,0.00,0.07,0,0,0.6033,5,12
72.50,155.97,5553,8000,5,0.00,0.07,0,0,0.6042,5,12
72.60,155.24,5532,8000,5,0.00,0.07,0,0,0.6050,5,12
72.70,154.50,5512,8000,5,0.00,0.07,0,0,0.6058,5,12
72.80,153.76,5491,8000,5,0.00,0.07,0,0,0.6067,5,12
72.90,153.02,5470,8000,5,0.00,0.07,0,0,0.6075,5,12
73.00,152.28,5450,8000,5,0.00,0.07,0,0,0.6083,5,12
73.10,151.53,5429,8000,5,0.00,0.07,0,0,0.6092,5,12
73.20,150.78,5408,8000,5,0.00,0.07,0,0,0.6100,5,12
73.30,150.03,5387,8000,5,0.00,0.07,0,0,0.6108,5,12
73.40,149.28,5366,8000,5,0.00,0.07,0,0,0.6117,5,12
73.50,148.53,5345,8000,5,0.00,0.07,0,0,0.6125,5,12
73.60,147.78,5324,8000,5,0.00,0.07,0,0,0.6133,5,12
73.70,147.04,5303,8000,5,0.00,0.07,0,0,0.6142,5,12
73.80,146.29,5283,8000,5,0.00,0.07,0,0,0.6150,5,12
73.90,145.55,5262,8000,5,0.00,0.07,0,0,0.6158,5,12
74.00,144.82,5241,8000,5,0.00,0.07,0,0,0.6167,5,12
74.10,144.09,5221,8000,5,0.00,0.07,0,0,0.6175,5,12
74.20,143.36,5201,8000,5,0.00,0.07,0,0,0.6183,5,12
74.30,142.64,5181,8000,5,0.00,0.07,0,0,0.6192,5,12
74.40,141.93,5161,8000,5,0.00,0.07,0,0,0.6200,5,12
74.50,141.22,5141,8000,5,0.00,0.07,0,0,0.6208,5,12
74.60,140.52,5122,8000,5,0.00,0.07,0,0,0.6217,5,12
74.70,139.83,5735,8000,4,0.00,0.07,0,0,0.6225,5,12
74.80,139.15,5713,8000,4,0.00,0.07,0,0,0.6233,5,12
74.90,138.48,5691,8000,4,0.00,0.07,0,0,0.6242,5,12
75.00,137.82,5670,8000,4,0.00,0.07,0,0,0.6250,5,12
75.10,137.17,5649,8000,4,0.00,0.06,0,0,0.6258,5,12
75.20,136.53,5628,8000,4,0.00,0.06,0,0,0.6267,5,12
75.30,135.91,5608,8000,4,0.00,0.06,0,0,0.6275,5,12
75.40,135.29,5588,8000,4,0.00,0.06,0,0,0.6283,5,12
75.50,134.69,5568,8000,4,0.00,0.06,0,0,0.6292,5,12
75.60,134.11,5549,8000,4,0.00,0.06,0,0,0.6300,5,12
75.70,133.54,5531,8000,4,0.00,0.06,0,0,0.6308,5,12
75.80,132.98,5513,8000,4,0.00,0.06,0,0,0.6317,5,12
75.90,132.44,5495,8000,4,0.00,0.05,0,0,0.6325,5,12
76.00,131.91,5478,8000,4,0.00,0.05,0,0,0.6333,5,12
76.10,131.40,5462,8000,4,0.00,0.05,0,0,0.6342,5,12
76.20,130.91,5446,8000,4,0.00,0.00,0,0,0.6350,5,12
76.30,130.43,5430,8000,4,0.00,0.00,0,0,0.6358,5,12
76.40,129.98,5415,8000,4,0.00,0.00,0,0,0.6367,5,12
76.50,129.54,5401,8000,4,0.00,0.00,0,0,0.6375,5,12
76.60,129.12,5388,8000,4,0.00,0.00,0,0,0.6383,5,12
76.70,128.71,5374,8000,4,0.00,0.00,0,0,0.6392,5,12
76.80,128.33,5362,8000,4,0.00,0.00,0,0,0.6400,5,12
76.90,127.96,5350,8000,4,0.00,0.00,0,0,0.6408,5,12
77.00,127.62,5339,8000,4,0.00,0.00,0,0,0.6417,5,12
77.10,127.30,5329,8000,4,0.00,0.00,0,0,0.6425,5,12
77.20,126.99,5319,8000,4,0.00,0.00,0,0,0.6433,5,12
77.30,126.71,5309,8000,4,0.00,0.00,0,0,0.6442,5,12
77.40,126.45,5301,8000,4,0.00,0.00,0,0,0.6450,5,12
77.50,126.21,5293,8000,4,0.00,0.00,0,0,0.6458,5,12
77.60,125.99,5286,8000,4,0.00,0.00,0,0,0.6467,5,12
77.70,125.79,5280,8000,4,0.00,0.00,0,0,0.6475,5,12
77.80,125.61,5274,8000,4,0.00,0.00,0,0,0.6483,5,12
77.90,125.46,5269,8000,4,0.00,0.00,0,0,0.6492,5,12
78.00,125.33,5265,8000,4,0.00,0.00,0,0,0.6500,5,12
78.10,125.22,5261,8000,4,0.00,0.00,0,0,0.6508,5,12
78.20,125.13,5258,8000,4,0.00,0.00,0,0,0.6517,5,12
78.30,125.06,5256,8000,4,0.00,0.00,0,0,0.6525,5,12
78.40,125.02,5255,8000,4,0.00,0.00,0,0,0.6533,5,12
78.50,125.00,5254,8000,4,0.00,0.00,0,0,0.6542,5,12
78.60,125.00,5254,8000,4,0.30,0.00,0,0,0.6550,5,12
78.70,125.03,5255,8000,4,0.30,0.00,0,0,0.6558,5,12
78.80,125.08,5257,8000,4,0.31,0.00,0,0,0.6567,5,12
78.90,125.15,5259,8000,4,0.31,0.00,0,0,0.6575,5,12
79.00,125.24,5262,8000,4,0.32,0.00,0,0,0.6583,5,12
79.10,125.35,5265,8000,4,0.32,0.00,0,0,0.6592,5,12
79.20,125.49,5270,8000,4,0.33,0.00,0,0,0.6600,5,12
79.30,125.65,5275,8000,4,0.33,0.00,0,0,0.6608,5,12
79.40,125.83,5281,8000,4,0.34,0.00,0,0,0.6617,5,12
79.50,126.03,5287,8000,4,0.34,0.00,0,0,0.6625,5,12
79.60,126.25,5295,8000,4,0.34,0.00,0,0,0.6633,5,12
79.70,126.50,5303,8000,4,0.35,0.00,0,0,0.6642,5,12
79.80,126.77,5311,8000,4,0.35,0.00,0,0,0.6650,5,12
79.90,127.05,5321,8000,4,0.36,0.00,0,0,0.6658,5,12
80.00,169.20,6688,8000,4,1.00,0.00,0,0,0.6667,5,12
80.10,168.98,6681,8000,4,0.00,0.00,0,0,0.6675,5,12
80.20,168.71,6672,8000,4,0.00,0.00,0,0,0.6683,5,12
80.30,168.37,6661,8000,4,0.00,0.00,0,0,0.6692,5,12
80.40,167.97,6648,8000,4,0.00,0.00,0,0,0.6700,5,12
80.50,167.50,6632,8000,4,0.00,0.00,0,0,0.6708,5,12
80.60,166.97,6615,8000,4,0.00,0.05,0,0,0.6717,5,12
80.70,166.38,6596,8000,4,0.00,0.06,0,0,0.6725,5,12
80.80,165.72,6575,8000,4,0.00,0.07,0,0,0.6733,5,12
80.90,165.00,6551,8000,4,0.00,0.07,0,0,0.6742,5,12
81.00,164.22,6526,8000,4,0.00,0.08,0,0,0.6750,5,12
81.10,163.38,6499,8000,4,0.00,0.08,0,0,0.6758,5,12
81.20,162.49,6470,8000,4,0.00,0.09,0,0,0.6767,5,12
81.30,161.54,6439,8000,4,0.00,0.09,0,0,0.6775,5,12
81.40,160.54,6407,8000,4,0.00,0.10,0,0,0.6783,5,12
81.50,159.49,6373,8000,4,0.00,0.10,0,0,0.6792,5,12
81.60,158.39,6337,8000,4,0.00,0.11,0,0,0.6800,5,12
81.70,157.26,6300,8000,4,0.00,0.11,0,0,0.6808,5,12
81.80,156.09,6262,8000,4,0.00,0.12,0,0,0.6817,5,12
81.90,154.88,6223,8000,4,0.00,0.12,0,0,0.6825,5,12
82.00,153.65,6183,8000,4,0.00,0.12,0,0,0.6833,5,12
82.10,152.39,6142,8000,4,0.00,0.13,0,0,0.6842,5,12
82.20,151.12,6101,8000,4,0.00,0.13,0,0,0.6850,5,12
82.30,149.83,6059,8000,4,0.00,0.13,0,0,0.6858,5,12
82.40,148.53,6017,8000,4,0.00,0.13,0,0,0.6867,5,12
82.50,147.23,5975,8000,4,0.00,0.13,0,0,0.6875,5,12
82.60,145.94,5933,8000,4,0.00,0.13,0,0,0.6883,5,12
82.70,144.65,5891,8000,4,0.00,0.13,0,0,0.6892,5,12
82.80,143.37,5850,8000,4,0.00,0.13,0,0,0.6900,5,12
82.90,142.10,5809,8000,4,0.00,0.13,0,0,0.6908,5,12
83.00,140.86,5769,8000,4,0.00,0.12,0,0,0.6917,5,12
83.10,139.65,5729,8000,4,0.00,0.12,0,0,0.6925,5,12
83.20,138.47,5691,8000,4,0.00,0.12,0,0,0.6933,5,12
83.30,137.32,5654,8000,4,0.00,0.11,0,0,0.6942,5,12
83.40,136.21,5618,8000,4,0.00,0.11,0,0,0.6950,5,12
83.50,135.14,5583,8000,4,0.00,0.11,0,0,0.6958,5,12
83.60,134.13,5550,8000,4,0.00,0.10,0,0,0.6967,5,12
83.70,133.16,5519,8000,4,0.00,0.10,0,0,0.6975,5,12
83.80,132.24,5489,8000,4,0.00,0.09,0,0,0.6983,5,12
83.90,131.39,5461,8000,4,0.00,0.09,0,0,0.6992,5,12
84.00,130.59,5435,8000,4,0.00,0.08,0,0,0.7000,5,12
84.10,129.85,5411,8000,4,0.00,0.07,0,0,0.7008,5,12
84.20,129.17,5389,8000,4,0.00,0.07,0,0,0.7017,5,12
84.30,128.55,5369,8000,4,0.00,0.06,0,0,0.7025,5,12
84.40,128.00,5351,8000,4,0.00,0.06,0,0,0.7033,5,12
84.50,127.52,5336,8000,4,0.00,0.00,0,0,0.7042,5,12
84.60,127.09,5322,8000,4,0.00,0.00,0,0,0.7050,5,12
84.70,126.73,5310,8000,4,0.00,0.00,0,0,0.7058,5,12
84.80,126.43,5301,8000,4,0.00,0.00,0,0,0.7067,5,12
84.90,126.20,5293,8000,4,0.00,0.00,0,0,0.7075,5,12
85.00,126.02,5287,8000,4,0.00,0.00,0,0,0.7083,5,12
85.10,125.90,5283,8000,4,0.00,0.00,0,0,0.7092,5,12
85.20,125.84,5281,8000,4,0.00,0.00,0,0,0.7100,5,12
85.30,125.82,5281,8000,4,0.00,0.00,0,0,0.7108,5,12
85.40,125.86,5282,8000,4,0.31,0.00,0,0,0.7117,5,12
85.50,125.94,5285,8000,4,0.32,0.00,0,0,0.7125,5,12
85.60,126.07,5289,8000,4,0.32,0.00,0,0,0.7133,5,12
85.70,126.23,5294,8000,4,0.33,0.00,0,0,0.7142,5,12
85.80,126.43,5300,8000,4,0.34,0.00,0,0,0.7150,5,12
85.90,126.65,5308,8000,4,0.35,0.00,0,0,0.7158,5,12
86.00,126.90,5316,8000,4,0.35,0.00,0,0,0.7167,5,12
86.10,127.17,5324,8000,4,0.35,0.00,0,0,0.7175,5,12
86.20,127.46,5334,8000,4,0.36,0.00,0,0,0.7183,5,12
86.30,127.75,5343,8000,4,0.36,0.00,0,0,0.7192,5,12
86.40,128.05,5353,8000,4,0.36,0.00,0,0,0.7200,5,12
86.50,128.35,5363,8000,4,0.36,0.00,0,0,0.7208,5,12
86.60,128.64,5372,8000,4,0.36,0.00,0,0,0.7217,5,12
86.70,128.93,5381,8000,4,0.36,0.00,0,0,0.7225,5,12
86.80,129.19,5390,8000,4,0.35,0.00,0,0,0.7233,5,12
86.90,129.44,5398,8000,4,0.35,0.00,0,0,0.7242,5,12
87.00,129.66,5405,8000,4,0.34,0.00,0,0,0.7250,5,12
87.10,129.85,5411,8000,4,0.34,0.00,0,0,0.7258,5,12
87.20,130.01,5417,8000,4,0.33,0.00,0,0,0.7267,5,12
87.30,130.13,5420,8000,4,0.32,0.00,0,0,0.7275,5,12
87.40,130.21,5423,8000,4,0.32,0.00,0,0,0.7283,5,12
87.50,130.24,5424,8000,4,0.31,0.00,0,0,0.7292,5,12
87.60,130.22,5423,8000,4,0.00,0.00,0,0,0.7300,5,12
87.70,130.15,5421,8000,4,0.00,0.00,0,0,0.7308,5,12
87.80,130.02,5417,8000,4,0.00,0.00,0,0,0.7317,5,12
87.90,129.84,5411,8000,4,0.00,0.00,0,0,0.7325,5,12
88.00,129.59,5403,8000,4,0.00,0.00,0,0,0.7333,5,12
88.10,129.29,5393,8000,4,0.00,0.00,0,0,0.7342,5,12
88.20,128.92,5381,8000,4,0.00,0.00,0,0,0.7350,5,12
88.30,128.49,5367,8000,4,0.00,0.00,0,0,0.7358,5,12
88.40,127.99,5351,8000,4,0.00,0.00,0,0,0.7367,5,12
88.50,127.43,5333,8000,4,0.00,0.06,0,0,0.7375,5,12
88.60,126.81,5313,8000,4,0.00,0.06,0,0,0.7383,5,12
88.70,126.13,5291,8000,4,0.00,0.07,0,0,0.7392,5,12
88.80,125.38,5266,8000,4,0.00,0.07,0,0,0.7400,5,12
88.90,124.57,5240,8000,4,0.00,0.08,0,0,0.7408,5,12
89.00,123.71,5212,8000,4,0.00,0.09,0,0,0.7417,5,12
89.10,122.79,5182,8000,4,0.00,0.09,0,0,0.7425,5,12
89.20,121.81,5151,8000,4,0.00,0.10,0,0,0.7433,5,12
89.30,120.79,5117,8000,4,0.00,0.10,0,0,0.7442,5,12
89.40,119.72,5083,8000,4,0.00,0.11,0,0,0.7450,5,12
89.50,118.60,5047,8000,4,0.00,0.11,0,0,0.7458,5,12
89.60,117.45,5009,8000,4,0.00,0.12,0,0,0.7467,5,12
89.70,116.26,4971,8000,4,0.00,0.12,0,0,0.7475,5,12
89.80,115.05,4931,8000,4,0.00,0.12,0,0,0.7483,5,12
89.90,113.80,4891,8000,4,0.00,0.12,0,0,0.7492,5,12
90.00,112.54,4850,8000,4,0.00,0.13,0,0,0.7500,5,12
90.10,111.26,4808,8000,4,0.00,0.13,0,0,0.7508,5,12
90.20,109.96,4766,8000,4,0.00,0.13,0,0,0.7517,5,12
90.30,108.67,4724,8000,4,0.00,0.13,0,0,0.7525,5,12
90.40,107.37,4682,8000,4,0.00,0.13,0,0,0.7533,5,12
90.50,106.07,4640,8000,4,0.00,0.13,0,0,0.7542,5,12
90.60,104.78,4598,8000,4,0.00,0.13,0,0,0.7550,5,12
90.70,103.51,4557,8000,4,0.00,0.13,0,0,0.7558,5,12
90.80,102.26,4517,8000,4,0.00,0.13,0,0,0.7567,5,12
90.90,101.03,4477,8000,4,0.00,0.12,0,0,0.7575,5,12
91.00,99.83,5193,8000,3,0.00,0.12,0,0,0.7583,5,12
91.10,98.66,5146,8000,3,0.00,0.12,0,0,0.7592,5,12
91.20,97.53,5101,8000,3,0.00,0.11,0,0,0.7600,5,12
91.30,96.44,5058,8000,3,0.00,0.11,0,0,0.7608,5,12
91.40,95.40,5016,8000,3,0.00,0.10,0,0,0.7617,5,12
91.50,94.40,4976,8000,3,0.00,0.10,0,0,0.7625,5,12
91.60,93.46,4938,8000,3,0.00,0.09,0,0,0.7633,5,12
91.70,92.57,4903,8000,3,0.00,0.09,0,0,0.7642,5,12
91.80,91.74,4870,8000,3,0.00,0.08,0,0,0.7650,5,12
91.90,90.97,4839,8000,3,0.00,0.08,0,0,0.7658,5,12
92.00,90.26,4810,8000,3,0.00,0.07,0,0,0.7667,5,12
92.10,89.61,4784,8000,3,0.00,0.06,0,0,0.7675,5,12
92.20,89.02,4761,8000,3,0.00,0.06,0,0,0.7683,5,12
92.30,88.50,4740,8000,3,0.00,0.05,0,0,0.7692,5,12
92.40,88.04,4722,8000,3,0.00,0.00,0,0,0.7700,5,12
92.50,87.65,4706,8000,3,0.00,0.00,0,0,0.7708,5,12
92.60,87.32,4693,8000,3,0.00,0.00,0,0,0.7717,5,12
92.70,87.05,4682,8000,3,0.00,0.00,0,0,0.7725,5,12
92.80,86.84,4674,8000,3,0.00,0.00,0,0,0.7733,5,12
92.90,86.69,4668,8000,3,0.00,0.00,0,0,0.7742,5,12
93.00,86.59,4664,8000,3,0.00,0.00,0,0,0.7750,5,12
93.10,86.55,4662,8000,3,0.00,0.00,0,0,0.7758,5,12
93.20,86.57,4663,8000,3,0.30,0.00,0,0,0.7767,5,12
93.30,86.62,4665,8000,3,0.31,0.00,0,0,0.7775,5,12
93.40,86.73,4669,8000,3,0.32,0.00,0,0,0.7783,5,12
93.50,86.87,4675,8000,3,0.33,0.00,0,0,0.7792,5,12
93.60,87.05,4682,8000,3,0.34,0.00,0,0,0.7800,5,12
93.70,87.26,4690,8000,3,0.34,0.00,0,0,0.7808,5,12
93.80,87.49,4700,8000,3,0.35,0.00,0,0,0.7817,5,12
93.90,87.75,4710,8000,3,0.35,0.00,0,0,0.7825,5,12
94.00,88.03,4721,8000,3,0.36,0.00,0,0,0.7833,5,12
94.10,88.32,4733,8000,3,0.36,0.00,0,0,0.7842,5,12
94.20,88.62,4745,8000,3,0.36,0.00,0,0,0.7850,5,12
94.30,88.92,4757,8000,3,0.36,0.00,0,0,0.7858,5,12
94.40,89.21,4769,8000,3,0.36,0.00,0,0,0.7867,5,12
94.50,89.50,4780,8000,3,0.36,0.00,0,0,0.7875,5,12
94.60,89.78,4791,8000,3,0.36,0.00,0,0,0.7883,5,12
94.70,90.04,4802,8000,3,0.35,0.00,0,0,0.7892,5,12
94.80,90.28,4811,8000,3,0.35,0.00,0,0,0.7900,5,12
94.90,90.48,4819,8000,3,0.34,0.00,0,0,0.7908,5,12
95.00,90.00,4800,8000,3,0.00,0.00,0,0,0.7917,5,12
95.10,90.60,4824,8000,3,0.42,0.00,0,0,0.7925,5,12
95.20,91.20,4848,8000,3,0.42,0.00,0,0,0.7933,5,12
95.30,91.80,4872,8000,3,0.42,0.00,0,0,0.7942,5,12
95.40,92.40,4896,8000,3,0.42,0.00,0,0,0.7950,5,12
95.50,93.00,4920,8000,3,0.42,0.00,0,0,0.7958,5,12
95.60,93.60,4944,8000,3,0.42,0.00,0,0,0.7967,5,12
95.70,94.20,4968,8000,3,0.42,0.00,0,0,0.7975,5,12
95.80,94.80,4992,8000,3,0.42,0.00,0,0,0.7983,5,12
95.90,95.40,5016,8000,3,0.42,0.00,0,0,0.7992,5,12
96.00,96.00,5040,8000,3,0.42,0.00,0,0,0.8000,5,12
96.10,96.60,5064,8000,3,0.42,0.00,0,0,0.8008,5,12
96.20,97.20,5088,8000,3,0.42,0.00,0,0,0.8017,5,12
96.30,97.80,5112,8000,3,0.42,0.00,0,0,0.8025,5,12
96.40,98.40,5136,8000,3,0.42,0.00,0,0,0.8033,5,12
96.50,99.00,5160,8000,3,0.42,0.00,0,0,0.8042,5,12
96.60,99.60,5184,8000,3,0.42,0.00,0,0,0.8050,5,12
96.70,100.20,5208,8000,3,0.42,0.00,0,0,0.8058,5,12
96.80,100.80,5232,8000,3,0.42,0.00,0,0,0.8067,5,12
96.90,101.40,5256,8000,3,0.42,0.00,0,0,0.8075,5,12
97.00,102.00,5280,8000,3,0.42,0.00,0,0,0.8083,5,12
97.10,102.60,5304,8000,3,0.42,0.00,0,0,0.8092,5,12
97.20,103.20,5328,8000,3,0.42,0.00,0,0,0.8100,5,12
97.30,103.80,5352,8000,3,0.42,0.00,0,0,0.8108,5,12
97.40,104.40,5376,8000,3,0.42,0.00,0,0,0.8117,5,12
97.50,105.00,5400,8000,3,0.42,0.00,0,0,0.8125,5,12
97.60,105.60,5424,8000,3,0.42,0.00,0,0,0.8133,5,12
97.70,106.20,5448,8000,3,0.42,0.00,0,0,0.8142,5,12
97.80,106.80,5472,8000,3,0.42,0.00,0,0,0.8150,5,12
97.90,107.40,5496,8000,3,0.42,0.00,0,0,0.8158,5,12
98.00,108.00,5520,8000,3,0.42,0.00,0,0,0.8167,5,12
98.10,108.60,5544,8000,3,0.42,0.00,0,0,0.8175,5,12
98.20,109.20,5568,8000,3,0.42,0.00,0,0,0.8183,5,12
98.30,109.80,5592,8000,3,0.42,0.00,0,0,0.8192,5,12
98.40,110.40,5616,8000,3,0.42,0.00,0,0,0.8200,5,12
98.50,111.00,5640,8000,3,0.42,0.00,0,0,0.8208,5,12
98.60,111.60,5664,8000,3,0.42,0.00,0,0,0.8217,5,12
98.70,112.20,5688,8000,3,0.42,0.00,0,0,0.8225,5,12
98.80,112.80,5712,8000,3,0.42,0.00,0,0,0.8233,5,12
98.90,113.40,5736,8000,3,0.42,0.00,0,0,0.8242,5,12
99.00,114.00,5760,8000,3,0.42,0.00,0,0,0.8250,5,12
99.10,114.60,5784,8000,3,0.42,0.00,0,0,0.8258,5,12
99.20,115.20,5808,8000,3,0.42,0.00,0,0,0.8267,5,12
99.30,115.80,5832,8000,3,0.42,0.00,0,0,0.8275,5,12
99.40,116.40,5856,8000,3,0.42,0.00,0,0,0.8283,5,12
99.50,117.00,5880,8000,3,0.42,0.00,0,0,0.8292,5,12
99.60,117.60,5904,8000,3,0.42,0.00,0,0,0.8300,5,12
99.70,118.20,5928,8000,3,0.42,0.00,0,0,0.8308,5,12
99.80,118.80,5952,8000,3,0.42,0.00,0,0,0.8317,5,12
99.90,119.40,5976,8000,3,0.42,0.00,0,0,0.8325,5,12
100.00,120.00,6000,8000,3,0.42,0.00,0,0,0.8333,5,12
100.10,120.60,6024,8000,3,0.42,0.00,0,0,0.8342,5,12
100.20,121.20,6048,8000,3,0.42,0.00,0,0,0.8350,5,12
100.30,121.80,6072,8000,3,0.42,0.00,0,0,0.8358,5,12
100.40,122.40,6096,8000,3,0.42,0.00,0,0,0.8367,5,12
100.50,123.00,6120,8000,3,0.42,0.00,0,0,0.8375,5,12
100.60,123.60,6144,8000,3,0.42,0.00,0,0,0.8383,5,12
100.70,124.20,6168,8000,3,0.42,0.00,0,0,0.8392,5,12
100.80,124.80,6192,8000,3,0.42,0.00,0,0,0.8400,5,12
100.90,125.40,6216,8000,3,0.42,0.00,0,0,0.8408,5,12
101.00,126.00,6240,8000,3,0.42,0.00,0,0,0.8417,5,12
101.10,126.60,6264,8000,3,0.42,0.00,0,0,0.8425,5,12
101.20,127.20,6288,8000,3,0.42,0.00,0,0,0.8433,5,12
101.30,127.80,6312,8000,3,0.42,0.00,0,0,0.8442,5,12
101.40,128.40,6336,8000,3,0.42,0.00,0,0,0.8450,5,12
101.50,129.00,6360,8000,3,0.42,0.00,0,0,0.8458,5,12
101.60,129.60,6384,8000,3,0.42,0.00,0,0,0.8467,5,12
101.70,130.20,6408,8000,3,0.42,0.00,0,0,0.8475,5,12
101.80,130.80,6432,8000,3,0.42,0.00,0,0,0.8483,5,12
101.90,131.40,6456,8000,3,0.42,0.00,0,0,0.8492,5,12
102.00,132.00,6480,8000,3,0.42,0.00,0,0,0.8500,5,12
102.10,132.60,6504,8000,3,0.42,0.00,0,0,0.8508,5,12
102.20,133.20,6528,8000,3,0.42,0.00,0,0,0.8517,5,12
102.30,133.80,6552,8000,3,0.42,0.00,0,0,0.8525,5,12
102.40,134.40,6576,8000,3,0.42,0.00,0,0,0.8533,5,12
102.50,135.00,6600,8000,3,0.42,0.00,0,0,0.8542,5,12
102.60,135.60,5598,8000,4,0.42,0.00,0,0,0.8550,5,12
102.70,136.20,5617,8000,4,0.42,0.00,0,0,0.8558,5,12
102.80,136.80,5637,8000,4,0.42,0.00,0,0,0.8567,5,12
102.90,137.40,5656,8000,4,0.42,0.00,0,0,0.8575,5,12
103.00,138.00,5676,8000,4,0.42,0.00,0,0,0.8583,5,12
103.10,138.60,5695,8000,4,0.42,0.00,0,0,0.8592,5,12
103.20,139.20,5715,8000,4,0.42,0.00,0,0,0.8600,5,12
103.30,139.80,5734,8000,4,0.42,0.00,0,0,0.8608,5,12
103.40,140.40,5754,8000,4,0.42,0.00,0,0,0.8617,5,12
103.50,141.00,5773,8000,4,0.42,0.00,0,0,0.8625,5,12
103.60,141.60,5792,8000,4,0.42,0.00,0,0,0.8633,5,12
103.70,142.20,5812,8000,4,0.42,0.00,0,0,0.8642,5,12
103.80,142.80,5831,8000,4,0.42,0.00,0,0,0.8650,5,12
103.90,143.40,5851,8000,4,0.42,0.00,0,0,0.8658,5,12
104.00,144.00,5870,8000,4,0.42,0.00,0,0,0.8667,5,12
104.10,144.60,5890,8000,4,0.42,0.00,0,0,0.8675,5,12
104.20,145.20,5909,8000,4,0.42,0.00,0,0,0.8683,5,12
104.30,145.80,5929,8000,4,0.42,0.00,0,0,0.8692,5,12
104.40,146.40,5948,8000,4,0.42,0.00,0,0,0.8700,5,12
104.50,147.00,5968,8000,4,0.42,0.00,0,0,0.8708,5,12
104.60,147.60,5987,8000,4,0.42,0.00,0,0,0.8717,5,12
104.70,148.20,6006,8000,4,0.42,0.00,0,0,0.8725,5,12
104.80,148.80,6026,8000,4,0.42,0.00,0,0,0.8733,5,12
104.90,149.40,6045,8000,4,0.42,0.00,0,0,0.8742,5,12
105.00,150.00,6065,8000,4,0.42,0.00,0,0,0.8750,5,12
105.10,150.60,6084,8000,4,0.42,0.00,0,0,0.8758,5,12
105.20,151.20,6104,8000,4,0.42,0.00,0,0,0.8767,5,12
105.30,151.80,6123,8000,4,0.42,0.00,0,0,0.8775,5,12
105.40,152.40,6143,8000,4,0.42,0.00,0,0,0.8783,5,12
105.50,153.00,6162,8000,4,0.42,0.00,0,0,0.8792,5,12
105.60,153.60,6182,8000,4,0.42,0.00,0,0,0.8800,5,12
105.70,154.20,6201,8000,4,0.42,0.00,0,0,0.8808,5,12
105.80,154.80,6221,8000,4,0.42,0.00,0,0,0.8817,5,12
105.90,155.40,6240,8000,4,0.42,0.00,0,0,0.8825,5,12
106.00,156.00,6259,8000,4,0.42,0.00,0,0,0.8833,5,12
106.10,156.60,6279,8000,4,0.42,0.00,0,0,0.8842,5,12
106.20,157.20,6298,8000,4,0.42,0.00,0,0,0.8850,5,12
106.30,157.80,6318,8000,4,0.42,0.00,0,0,0.8858,5,12
106.40,158.40,6337,8000,4,0.42,0.00,0,0,0.8867,5,12
106.50,159.00,6357,8000,4,0.42,0.00,0,0,0.8875,5,12
106.60,159.60,6376,8000,4,0.42,0.00,0,0,0.8883,5,12
106.70,160.20,6396,8000,4,0.42,0.00,0,0,0.8892,5,12
106.80,160.80,6415,8000,4,0.42,0.00,0,0,0.8900,5,12
106.90,161.40,6435,8000,4,0.42,0.00,0,0,0.8908,5,12
107.00,162.00,6454,8000,4,0.42,0.00,0,0,0.8917,5,12
107.10,162.60,6474,8000,4,0.42,0.00,0,0,0.8925,5,12
107.20,163.20,6493,8000,4,0.42,0.00,0,0,0.8933,5,12
107.30,163.80,6512,8000,4,0.42,0.00,0,0,0.8942,5,12
107.40,164.40,6532,8000,4,0.42,0.00,0,0,0.8950,5,12
107.50,165.00,6551,8000,4,0.42,0.00,0,0,0.8958,5,12
107.60,165.60,6571,8000,4,0.42,0.00,0,0,0.8967,5,12
107.70,166.20,6590,8000,4,0.42,0.00,0,0,0.8975,5,12
107.80,166.80,6610,8000,4,0.42,0.00,0,0,0.8983,5,12
107.90,167.40,6629,8000,4,0.42,0.00,0,0,0.8992,5,12
108.00,168.00,6649,8000,4,0.42,0.00,0,0,0.9000,5,12
108.10,168.60,6668,8000,4,0.42,0.00,0,0,0.9008,5,12
108.20,169.20,6688,8000,4,0.42,0.00,0,0,0.9017,5,12
108.30,169.80,6707,8000,4,0.42,0.00,0,0,0.9025,5,12
108.40,170.40,5955,8000,5,0.42,0.00,0,0,0.9033,5,12
108.50,171.00,5972,8000,5,0.42,0.00,0,0,0.9042,5,12
108.60,171.60,5989,8000,5,0.42,0.00,0,0,0.9050,5,12
108.70,172.20,6006,8000,5,0.42,0.00,0,0,0.9058,5,12
108.80,172.80,6022,8000,5,0.42,0.00,0,0,0.9067,5,12
108.90,173.40,6039,8000,5,0.42,0.00,0,0,0.9075,5,12
109.00,174.00,6056,8000,5,0.42,0.00,0,0,0.9083,5,12
109.10,174.60,6073,8000,5,0.42,0.00,0,0,0.9092,5,12
109.20,175.20,6089,8000,5,0.42,0.00,0,0,0.9100,5,12
109.30,175.80,6106,8000,5,0.42,0.00,0,0,0.9108,5,12
109.40,176.40,6123,8000,5,0.42,0.00,0,0,0.9117,5,12
109.50,177.00,6140,8000,5,0.42,0.00,0,0,0.9125,5,12
109.60,177.60,6156,8000,5,0.42,0.00,0,0,0.9133,5,12
109.70,178.20,6173,8000,5,0.42,0.00,0,0,0.9142,5,12
109.80,178.80,6190,8000,5,0.42,0.00,0,0,0.9150,5,12
109.90,179.40,6207,8000,5,0.42,0.00,0,0,0.9158,5,12
110.00,188.00,6446,8000,5,1.00,0.00,0,0,0.9167,5,12
110.10,187.96,6445,8000,5,0.00,0.00,0,0,0.9175,5,12
110.20,187.88,6443,8000,5,0.00,0.00,0,0,0.9183,5,12
110.30,187.77,6440,8000,5,0.00,0.00,0,0,0.9192,5,12
110.40,187.62,6436,8000,5,0.00,0.00,0,0,0.9200,5,12
110.50,187.43,6431,8000,5,0.00,0.00,0,0,0.9208,5,12
110.60,187.20,6424,8000,5,0.00,0.00,0,0,0.9217,5,12
110.70,186.94,6417,8000,5,0.00,0.00,0,0,0.9225,5,12
110.80,186.64,6409,8000,5,0.00,0.00,0,0,0.9233,5,12
110.90,186.32,6399,8000,5,0.00,0.00,0,0,0.9242,5,12
111.00,185.96,6389,8000,5,0.00,0.00,0,0,0.9250,5,12
111.10,185.57,6379,8000,5,0.00,0.00,0,0,0.9258,5,12
111.20,185.15,6367,8000,5,0.00,0.00,0,0,0.9267,5,12
111.30,184.71,6355,8000,5,0.00,0.00,0,0,0.9275,5,12
111.40,184.25,6342,8000,5,0.00,0.00,0,0,0.9283,5,12
111.50,183.76,6328,8000,5,0.00,0.00,0,0,0.9292,5,12
111.60,183.26,6314,8000,5,0.00,0.05,0,0,0.9300,5,12
111.70,182.74,6300,8000,5,0.00,0.05,0,0,0.9308,5,12
111.80,182.21,6285,8000,5,0.00,0.05,0,0,0.9317,5,12
111.90,181.67,6270,8000,5,0.00,0.05,0,0,0.9325,5,12
112.00,181.11,6254,8000,5,0.00,0.06,0,0,0.9333,5,12
112.10,180.56,6239,8000,5,0.00,0.06,0,0,0.9342,5,12
112.20,180.00,6223,8000,5,0.00,0.06,0,0,0.9350,5,12
112.30,179.44,6208,8000,5,0.00,0.06,0,0,0.9358,5,12
112.40,178.88,6192,8000,5,0.00,0.06,0,0,0.9367,5,12
112.50,178.33,6177,8000,5,0.00,0.06,0,0,0.9375,5,12
112.60,177.79,6162,8000,5,0.00,0.05,0,0,0.9383,5,12
112.70,177.26,6147,8000,5,0.00,0.05,0,0,0.9392,5,12
112.80,176.74,6132,8000,5,0.00,0.05,0,0,0.9400,5,12
112.90,176.23,6118,8000,5,0.00,0.05,0,0,0.9408,5,12
113.00,175.75,6105,8000,5,0.00,0.00,0,0,0.9417,5,12
113.10,175.29,6092,8000,5,0.00,0.00,0,0,0.9425,5,12
113.20,174.85,6079,8000,5,0.00,0.00,0,0,0.9433,5,12
113.30,174.43,6068,8000,5,0.00,0.00,0,0,0.9442,5,12
113.40,174.04,6057,8000,5,0.00,0.00,0,0,0.9450,5,12
113.50,173.68,6047,8000,5,0.00,0.00,0,0,0.9458,5,12
113.60,173.36,6038,8000,5,0.00,0.00,0,0,0.9467,5,12
113.70,173.06,6030,8000,5,0.00,0.00,0,0,0.9475,5,12
113.80,172.80,6022,8000,5,0.00,0.00,0,0,0.9483,5,12
113.90,172.57,6016,8000,5,0.00,0.00,0,0,0.9492,5,12
114.00,172.38,6011,8000,5,0.00,0.00,0,0,0.9500,5,12
114.10,172.23,6006,8000,5,0.00,0.00,0,0,0.9508,5,12
114.20,172.12,6003,8000,5,0.00,0.00,0,0,0.9517,5,12
114.30,172.04,6001,8000,5,0.00,0.00,0,0,0.9525,5,12
114.40,172.00,6000,8000,5,0.00,0.00,0,0,0.9533,5,12
114.50,172.01,6000,8000,5,0.30,0.00,0,0,0.9542,5,12
114.60,172.05,6001,8000,5,0.31,0.00,0,0,0.9550,5,12
114.70,172.13,6004,8000,5,0.32,0.00,0,0,0.9558,5,12
114.80,172.25,6007,8000,5,0.32,0.00,0,0,0.9567,5,12
114.90,172.40,6011,8000,5,0.33,0.00,0,0,0.9575,5,12
115.00,172.60,6017,8000,5,0.34,0.00,0,0,0.9583,5,12
115.10,172.83,6023,8000,5,0.35,0.00,0,0,0.9592,5,12
115.20,173.10,6031,8000,5,0.35,0.00,0,0,0.9600,5,12
115.30,173.39,6039,8000,5,0.36,0.00,0,0,0.9608,5,12
115.40,173.73,6048,8000,5,0.37,0.00,0,0,0.9617,5,12
115.50,174.09,6058,8000,5,0.37,0.00,0,0,0.9625,5,12
115.60,174.48,6069,8000,5,0.38,0.00,0,0,0.9633,5,12
115.70,174.90,6081,8000,5,0.38,0.00,0,0,0.9642,5,12
115.80,175.34,6093,8000,5,0.39,0.00,0,0,0.9650,5,12
115.90,175.81,6106,8000,5,0.39,0.00,0,0,0.9658,5,12
116.00,176.30,6120,8000,5,0.40,0.00,0,0,0.9667,5,12
116.10,176.80,6134,8000,5,0.40,0.00,0,0,0.9675,5,12
116.20,177.32,6149,8000,5,0.40,0.00,0,0,0.9683,5,12
116.30,177.86,6163,8000,5,0.41,0.00,0,0,0.9692,5,12
116.40,178.40,6179,8000,5,0.41,0.00,0,0,0.9700,5,12
116.50,178.95,6194,8000,5,0.41,0.00,0,0,0.9708,5,12
116.60,179.51,6210,8000,5,0.41,0.00,0,0,0.9717,5,12
116.70,180.07,6225,8000,5,0.41,0.00,0,0,0.9725,5,12
116.80,180.63,6241,8000,5,0.41,0.00,0,0,0.9733,5,12
116.90,181.18,6256,8000,5,0.41,0.00,0,0,0.9742,5,12
117.00,181.73,6272,8000,5,0.41,0.00,0,0,0.9750,5,12
117.10,182.28,6287,8000,5,0.41,0.00,0,0,0.9758,5,12
117.20,182.81,6302,8000,5,0.41,0.00,0,0,0.9767,5,12
117.30,183.32,6316,8000,5,0.40,0.00,0,0,0.9775,5,12
117.40,183.83,6330,8000,5,0.40,0.00,0,0,0.9783,5,12
117.50,184.31,6343,8000,5,0.40,0.00,0,0,0.9792,5,12
117.60,184.77,6356,8000,5,0.39,0.00,0,0,0.9800,5,12
117.70,185.21,6369,8000,5,0.39,0.00,0,0,0.9808,5,12
117.80,185.62,6380,8000,5,0.38,0.00,0,0,0.9817,5,12
117.90,186.00,6391,8000,5,0.38,0.00,0,0,0.9825,5,12
118.00,186.36,6401,8000,5,0.37,0.00,0,0,0.9833,5,12
118.10,186.68,6410,8000,5,0.36,0.00,0,0,0.9842,5,12
118.20,186.97,6418,8000,5,0.36,0.00,0,0,0.9850,5,12
118.30,187.23,6425,8000,5,0.35,0.00,0,0,0.9858,5,12
118.40,187.45,6431,8000,5,0.34,0.00,0,0,0.9867,5,12
118.50,187.64,6436,8000,5,0.34,0.00,0,0,0.9875,5,12
118.60,187.79,6441,8000,5,0.33,0.00,0,0,0.9883,5,12
118.70,187.89,6444,8000,5,0.32,0.00,0,0,0.9892,5,12
118.80,187.97,6446,8000,5,0.31,0.00,0,0,0.9900,5,12
118.90,188.00,6446,8000,5,0.31,0.00,0,0,0.9908,5,12
119.00,187.99,6446,8000,5,0.00,0.00,0,0,0.9917,5,12
119.10,187.94,6445,8000,5,0.00,0.00,0,0,0.9925,5,12
119.20,187.86,6443,8000,5,0.00,0.00,0,0,0.9933,5,12
119.30,187.74,6439,8000,5,0.00,0.00,0,0,0.9942,5,12
119.40,187.57,6435,8000,5,0.00,0.00,0,0,0.9950,5,12
119.50,187.38,6429,8000,5,0.00,0.00,0,0,0.9958,5,12
119.60,187.14,6423,8000,5,0.00,0.00,0,0,0.9967,5,12
119.70,186.87,6415,8000,5,0.00,0.00,0,0,0.9975,5,12
119.80,186.57,6407,8000,5,0.00,0.00,0,0,0.9983,5,12
119.90,186.23,6397,8000,5,0.00,0.00,0,0,0.9992,5,12
120.00,185.87,6387,8000,5,0.00,0.00,0,0,1.0000,5,12
